"","state","newspaper_id","newspaper_name","frequency","city","county","owner_id","owner_name","owner_type","total_circulation","days_published"
"1","TX",10005,"Abilene Reporter-News","D","Abilene","Taylor","2547","Gannett/Gatehouse","Public",15850,"7"
"2","TX",18625,"Albany News","W","Albany","Shackelford","3603","Lucas Donnie","NA",1350,"1"
"3","TX",14810,"Community News","W","Aledo","Parker","3280","Keck Randy","NA",2244,"1"
"4","TX",10061,"Alice Echo-News Journal","W","Alice","Jim Wells","2464","Gannett/Gatehouse","Investment",3607,"3"
"5","TX",17617,"Nueces County Record-Star","W","Alice","Nueces","2464","Gannett/Gatehouse","Investment",3100,"1"
"6","TX",14944,"Alpine Avalanche","W","Alpine","Brewster","2662","Granite Publications","NA",2303,"1"
"7","TX",18533,"Alvin Sun Advertiser","W","Alvin","Brazoria","2857","Hartman Newspapers","NA",17323,"3"
"8","TX",10080,"Amarillo Globe News","D","Amarillo","Potter","2464","Gannett/Gatehouse","Investment",24306,"7"
"9","TX",14973,"Anahuac Progress The","W","Anahuac","Chambers","2662","Granite Publications","NA",647,"1"
"10","TX",14979,"Andrews County News","W","Andrews","Andrews","4728","Roberts Publishing","NA",3235,"2"
"11","TX",18798,"Bulletin The","W","Angleton","Brazoria","3127","J&S Communications Inc","NA",6000,"1"
"12","TX",20818,"Western Observer","W","Anson","Jones","5650","Waddell K T","NA",2100,"1"
"13","TX",14996,"Aransas Pass Progress","W","Aransas Pass","Nueces","2662","Granite Publications","NA",1854,"1"
"14","TX",16708,"Ingleside Index The","W","Aransas Pass","San Patricio","2662","Granite Publications","NA",1546,"1"
"15","TX",58888,"Archer County News","W","Archer City","Archer","4424","Phillips, Jerry","NA",1300,"1"
"16","TX",10166,"Athens Daily Review","D","Athens","Henderson","6032","CNHI","Investment",28509,"7"
"17","TX",18665,"Atlanta Citizens Journal","W","Atlanta","Cass","4021","Moser Community Media LLC","NA",3151,"2"
"18","TX",58900,"West Austin News","W","Austin","Travis","5174","Stephens, Bart","NA",1880,"1"
"19","TX",58899,"Villager","W","Austin","Travis","5943","Wyatt, TL","NA",5975,"1"
"20","TX",58897,"Nokoa-The Observer","W","Austin","Travis","2333","Evans, Akwasi","NA",970,"1"
"21","TX",58895,"Austin Chronicle","W","Austin","Travis","1222","Barbaro, Nick","NA",71997,"1"
"22","TX",21424,"Lake Travis View","W","Austin","Travis","1922","Cox Newspapers","Private",1336,"1"
"23","TX",20826,"Westlake Picayune","W","Austin","Travis","1922","Cox Newspapers","Private",1360,"1"
"24","TX",10187,"Austin American-Statesman","D","Austin","Travis","2464","Gannett/Gatehouse","Investment",86131,"7"
"25","TX",15070,"Azle News","W","Azle","Tarrant","1534","Buckel Robert","NA",4051,"1"
"26","TX",58903,"Ballinger Ledger","W","Ballinger","Runnels","2464","Gannett/Gatehouse","Investment",2513,"1"
"27","TX",15081,"Bandera Bulletin","W","Bandera","Bandera","2662","Granite Publications","NA",2193,"1"
"28","TX",58906,"Tribune-Progress","W","Bartlett","Bell","1325","Bielss, Gayle","NA",1259,"1"
"29","TX",18297,"Smithville Times The","W","Bastrop","Bastrop","1922","Cox Newspapers","Private",1359,"1"
"30","TX",15101,"Bastrop Advertiser","W","Bastrop","Bastrop","1922","Cox Newspapers","Private",3091,"2"
"31","TX",10953,"Bay City Tribune","W","Bay City","Matagorda","5084","Southern Newspapers","NA",3237,"2"
"32","TX",10233,"Baytown Sun","D","Baytown","Harris","5084","Southern Newspapers","NA",5668,"5"
"33","TX",10242,"Beaumont Enterprise","D","Beaumont","Jefferson","2886","Hearst Corporation","Private",15339,"7"
"34","TX",15132,"Beeville Bee-Picayune","W","Beeville","Bee","1274","Beeville Publishing Inc","NA",4158,"2"
"35","TX",18710,"Bellville Times","W","Bellville","Austin","1169","Austin County Publishing","NA",4144,"1"
"36","TX",15149,"Belton Journal","W","Belton","Bell","2870","Hauk Larry & Tuma David","NA",4090,"1"
"37","TX",18726,"Big Lake Wildcat","W","Big Lake","Reagan","3935","Minkin Randy","NA",890,"1"
"38","TX",15188,"Big Sandy-Hawkins Journal","W","Big Sandy","Upshur","1225","Bardwell Inc LLC","NA",1153,"1"
"39","TX",10288,"Big Spring Herald","D","Big Spring","Howard","3017","Horizon Publications","Private",4337,"6"
"40","TX",15211,"Blanco County News","W","Blanco","Blanco","5752","Wesner Publications Co","NA",3235,"1"
"41","TX",15227,"Boerne Star/Hill Country Recorder","W","Boerne","Kendall","2662","Granite Publications","NA",5580,"2"
"42","TX",18749,"Bogata News-Talco Times","W","Bogata","Red River","5409","Thunder Prairie Publishing","NA",1259,"1"
"43","TX",18753,"Booker News","W","Booker","Lipscomb","4341","Parvin Jerry","NA",758,"1"
"44","TX",10340,"Borger News-Herald","D","Borger","Hutchinson","3017","Horizon Publications","Private",2750,"6"
"45","TX",18761,"Bowie News","W","Bowie","Montague","1428","Bowie News Inc","NA",5250,"2"
"46","TX",18767,"Brady Standard-Herald","W","Brady","McCulloch","5034","Smith Larry","NA",3868,"2"
"47","TX",15276,"Breckenridge American","W","Breckenridge","Stephens","4021","Moser Community Media LLC","Private",1929,"2"
"48","TX",10373,"Brenham Banner-Press","D","Brenham","Washington","2857","Hartman Newspapers","NA",6025,"6"
"49","TX",18772,"Bridgeport Index","W","Bridgeport","Wise","1479","Bridwell Publishing Co","NA",2690,"1"
"50","TX",15563,"Chico Texan","W","Bridgeport","Wise","1479","Bridwell Publishing Co","NA",700,"1"
"51","TX",20460,"Times Tribune","W","Brookshire","Waller","2047","Daystar Publishing","NA",1100,"1"
"52","TX",15324,"Brownfield News","W","Brownfield","Terry","1483","Brisendine Lynn","NA",3160,"2"
"53","TX",10402,"Brownsville Herald","D","Brownsville","Cameron","1039","AIM Media","NA",12532,"7"
"54","TX",10403,"Brownwood Bulletin","D","Brownwood","Brown","2464","Gannett/Gatehouse","Investment",7120,"6"
"55","TX",11076,"Eagle The","D","Bryan","Brazos","1306","Lee/Bh Media","Investment",14450,"7"
"56","TX",58959,"Buffalo Express","W","Buffalo","Leon","5597","Vaughn, Mary Ann","NA",1695,"1"
"57","TX",18795,"Buffalo Press","W","Buffalo","Leon","4926","Serrisco Creek Productions LLC","NA",5500,"1"
"58","TX",15350,"Buna Beacon","W","Buna","Jasper","4468","Polka Dot Publishing LLC","NA",1601,"1"
"59","TX",16707,"Burkburnett Informer Star","W","Burkburnett","Wichita","4728","Roberts Publishing","NA",2850,"1"
"60","TX",15357,"Burleson Star","W","Burleson","Johnson","4021","Moser Community Media LLC","Private",3587,"2"
"61","TX",58968,"Citizens Gazette","W","Burnet","Burnet","2324","Espitia, Rick","NA",1000,"1"
"62","TX",15361,"Burnet Bulletin","W","Burnet","Burnet","1219","Bar 30 Media","NA",5115,"1"
"63","TX",15356,"Burleson County Tribune","W","Caldwell","Burleson","1555","Burleson County Publishing Inc","NA",4340,"1"
"64","TX",20436,"Thorndale Champion","W","Cameron","Milam","2662","Granite Publications","NA",490,"1"
"65","TX",15398,"Cameron Herald","W","Cameron","Milam","2662","Granite Publications","NA",2066,"1"
"66","TX",18825,"Canadian Record","W","Canadian","Hemphill","1509","Brown Laurie","NA",1895,"1"
"67","TX",59415,"Quinlan-Tawakoni News The","W","Canton","Hunt","1567","Buzzetta, John","NA",3000,"1"
"68","TX",15418,"Canton Herald","W","Canton","Van Zandt","5587","Van Zandt Newspapers LLC","NA",5000,"1"
"69","TX",18829,"Canyon News The","W","Canyon","Randall","2886","Hearst Corporation","Private",4200,"2"
"70","TX",15423,"Canyon Lake Week","W","Canyon Lake","Comal","3340","Kirk Douglas","NA",4000,"1"
"71","TX",15446,"Carrizo Springs Javelin","W","Carrizo Springs","Dimmit","3783","McDaniel Claudia","NA",2200,"1"
"72","TX",17734,"Panola Watchman","W","Carthage","Panola","6264","M. Roberts Media","NA",4906,"2"
"73","TX",19696,"Castroville News Bulletin","W","Castroville","Medina","3494","Legacy Newspapers Inc.","NA",2000,"1"
"74","TX",17199,"Medina Valley Times","W","Castroville","Medina","3494","Legacy Newspapers Inc.","NA",3299,"1"
"75","TX",16588,"Hill Country News","W","Cedar Park","Williamson","2662","Granite Publications","NA",17533,"1"
"76","TX",17006,"Light and Champion","W","Center","Shelby","2662","Granite Publications","NA",2525,"3"
"77","TX",58987,"Centerville News","W","Centerville","Leon","1238","Bass, Emma","NA",1185,"1"
"78","TX",15514,"Chandler and Brownsboro Statesman","W","Chandler","Henderson","1386","Bluebonnet Publishing","NA",979,"1"
"79","TX",90697,"Red River Sun","W","Childress","Childress","1353","Blackburn Media Group","Private",NA,NA
"80","TX",18888,"Clarendon Enterprise","W","Clarendon","Donley","2327","Estblack, Roger","NA",1325,"1"
"81","TX",15618,"Clarksville Times","W","Clarksville","Red River","4617","Red River Media","NA",2066,"1"
"82","TX",15620,"Claude News","W","Claude","Armstrong","3979","Montgomery Jessica","NA",700,"1"
"83","TX",10645,"Cleburne Times-Review","D","Cleburne","Johnson","6032","CNHI","Investment",5474,"6"
"84","TX",21546,"Eastex News","W","Cleveland","Liberty","2886","Hearst Corporation","Private",9600,"1"
"85","TX",15645,"Clifton Record","W","Clifton","Bosque","4021","Moser Community Media LLC","NA",2303,"1"
"86","TX",10370,"Facts The","D","Clute","Brazoria","5084","Southern Newspapers","NA",14131,"7"
"87","TX",59000,"Baird Banner","W","Clyde","Callahan","5309","Tabor, Dan","NA",555,"1"
"88","TX",15659,"Clyde Journal","W","Clyde","Callahan","1599","Callahan County Press","NA",2290,"1"
"89","TX",15583,"Chronicle and Democrat-Voice","W","Coleman","Coleman","1172","Autry Brett","NA",3025,"1"
"90","TX",15680,"Colorado City Record","W","Colorado City","Mitchell","4455","Plagens Earl","NA",4000,"1"
"91","TX",18925,"Colorado County Citizen","W","Columbus","Colorado","2662","Granite Publications","NA",2918,"1"
"92","TX",15084,"Banner Press Newspaper","W","Columbus","Colorado","2402","Ferguson Chad","NA",4325,"1"
"93","TX",59008,"Comanche Chief","W","Comanche","Comanche","5823","Wilkerson, James","NA",4200,"1"
"94","TX",59009,"Comfort News","W","Comfort","Kendall","1818","Comfort News & Print","NA",1146,"1"
"95","TX",21553,"Fort Bend Sun","W","Conroe","Fort Bend","2886","Hearst Corporation","Private",30633,"1"
"96","TX",21554,"Rancher The","W","Conroe","Harris","2886","Hearst Corporation","Private",26985,"1"
"97","TX",21555,"Woodlands Villager The","W","Conroe","Montgomery","2886","Hearst Corporation","Private",44200,"1"
"98","TX",10717,"Conroe Courier","D","Conroe","Montgomery","2886","Hearst Corporation","Private",8002,"7"
"99","TX",15726,"Cooper Review","W","Cooper","Delta","1564","Butler Jim & Sally","NA",1650,"1"
"100","TX",59015,"Citizens' Advocate","W","Coppell","Dallas","4041","Murph, Jean","NA",5000,"1"
"101","TX",15731,"Copperas Cove Leader-Press","W","Copperas Cove","Coryell","2870","Hauk Larry & Tuma David","NA",3706,"2"
"102","TX",10733,"Corpus Christi Caller-Times","D","Corpus Christi","Nueces","2547","Gannett/Gatehouse","Public",30866,"7"
"103","TX",10735,"Corsicana Daily Sun","D","Corsicana","Navarro","6032","CNHI","Investment",5690,"6"
"104","TX",18966,"Crane News","W","Crane","Crane","2704","Greer Dennis","NA",1850,"1"
"105","TX",16642,"Houston County Courier","W","Crockett","Houston","2982","Holley Alvin","NA",5763,"2"
"106","TX",15797,"Cross Plains Review","W","Cross Plains","Callahan","1774","Clyde Journal","NA",1335,"1"
"107","TX",19133,"Foard County News","W","Crowell","Foard","3015","Hopkins Leslie & Lisa","NA",727,"1"
"108","TX",20989,"Zavala County Sentinel","W","Crystal City","Zavala","4830","Sanchez Ricardo & Mata Jerry","NA",2350,"1"
"109","TX",18975,"Cuero Record","W","Cuero","DeWitt","4021","Moser Community Media LLC","NA",5130,"1"
"110","TX",14817,"Bee","W","Daingerfield","Morris","4021","Moser Community Media LLC","NA",6168,"1"
"111","TX",14138,"Dalhart Texan","W","Dalhart","Dallam","2002","Dalhart Daily Texan","NA",2300,"2"
"112","TX",90096,"Dallas Observer","W","Dallas","Dallas","5632","Voice Media Group","Private",90200,"1"
"113","TX",59048,"Preston Hollow People","W","Dallas","Dallas","3715","Martin, Patricia","NA",24858,"1"
"114","TX",59047,"Park Cities People","W","Dallas","Dallas","3715","Martin, Patricia","NA",19832,"1"
"115","TX",59046,"Park Cities News","W","Dallas","Dallas","5695","Waters, Marjorie","NA",5250,"1"
"116","TX",59042,"Dallas Post Tribune","W","Dallas","Dallas","3488","Lee, Theodore","NA",2112,"1"
"117","TX",59039,"Dallas Examiner","W","Dallas","Dallas","2416","Finch Belt, Mollie","NA",9971,"1"
"118","TX",10962,"Dallas Morning News","D","Dallas","Dallas","1006","A H Belo","Public",238960,"7"
"119","TX",59053,"De Leon Free Press","W","De Leon","Comanche","1175","Awbrey, Jon","NA",2000,"1"
"120","TX",20941,"Wise County Messenger","W","Decatur","Wise","5886","Wise County Messenger","NA",7779,"2"
"121","TX",10988,"Del Rio News-Herald","D","Del Rio","Val Verde","5084","Southern Newspapers","NA",3773,"5"
"122","TX",16654,"Hudspeth County Herald","W","Dell City","Hudspeth","3621","Lynch James","NA",602,"1"
"123","TX",11009,"Denton Record-Chronicle","D","Denton","Denton","1006","A H Belo","Public",10277,"7"
"124","TX",15897,"Denver City Press","W","Denver City","Yoakum","2659","Graham John","NA",1603,"1"
"125","TX",18744,"Deport Times-Blossom Times","W","Deport","Lamar","5409","Thunder Prairie Publishing","NA",793,"1"
"126","TX",15167,"Focus Daily News","D","DeSoto","Dallas","2823","Hanson Marlon","NA",34932,"5"
"127","TX",19021,"Devine News","W","Devine","Medina","1589","Calame Kathlene","NA",3400,"1"
"128","TX",15476,"Castro County News","W","Dimmitt","Castro","5752","Wesner Publications Co","NA",1562,"1"
"129","TX",19720,"News-Dispatch","W","Dripping Springs","Hays","1235","Barton Publications Inc","NA",2500,"1"
"130","TX",19636,"Moore County News-Press The","W","Dumas","Moore","3424","Lancaster Management","NA",3480,"2"
"131","TX",15978,"Eagle Lake Headlight","W","Eagle Lake","Colorado","1259","Beal Publications","NA",2057,"1"
"132","TX",90701,"Eastland County Today","W","Eastland","Eastland","6226","Houston V.O'Brien",NA,2450,"1"
"133","TX",59080,"Eden Echo","W","Eden","Concho","2139","Dolle, AJ","NA",610,"1"
"134","TX",16741,"Jackson County Herald-Tribune","W","Edna","Jackson","4021","Moser Community Media LLC","NA",0,"1"
"135","TX",16048,"El Campo Leader-News","W","El Campo","Wharton","2857","Hartman Newspapers","NA",4698,"2"
"136","TX",11138,"El Paso Times","D","El Paso","El Paso","2547","Gannett/Gatehouse","Public",35546,"7"
"137","TX",59089,"Eldorado Success","W","Eldorado","Schleicher","3684","Mankin, Randy","NA",1100,"1"
"138","TX",16060,"Electra Star-News","W","Electra","Wichita","2273","Electra Star-News Inc","NA",2079,"1"
"139","TX",16062,"Elgin Courier","W","Elgin","Bastrop","2662","Granite Publications","NA",2227,"1"
"140","TX",17974,"Rains County Leader","W","Emory","Rains","2950","Hill Earl","NA",2479,"1"
"141","TX",14140,"Ennis Daily News","D","Ennis","Ellis","2360","Fackleman Newspapers","NA",3214,"5"
"142","TX",59096,"Freestone County Times","W","Fairfield","Freestone","3711","Marster, Scott","NA",2986,"1"
"143","TX",19109,"Fairfield Recorder","W","Fairfield","Freestone","4021","Moser Community Media LLC","NA",2000,"1"
"144","TX",16143,"Falfurrias Facts","W","Falfurrias","Brooks","2368","Falfurrias Facts Publishing","NA",3000,"1"
"145","TX",59412,"Princeton Herald","W","Farmersville","Collin","1576","C&S Media","NA",1826,"1"
"146","TX",59099,"Farmersville Times","W","Farmersville","Collin","1576","C&S Media","NA",3500,"1"
"147","TX",20113,"State Line Tribune","W","Farwell","Parmer","4474","Pomper Rob","NA",1500,"1"
"148","TX",16078,"Ellis County Press","W","Ferris","Ellis","1903","County Press Group, The","NA",4000,"1"
"149","TX",19128,"Flatonia Argus","W","Flatonia","Fayette","4502","Prause Paul","NA",978,"1"
"150","TX",20909,"Wilson County News","W","Floresville","Wilson","3371","Kolodziej Elaine","NA",9264,"1"
"151","TX",90203,"Leader","W","Flower Mound","Denton","6021","S.A.W. Advisors LLC","NA",25024,"1"
"152","TX",16187,"Floyd County Hesperian-Beacon","W","Floydada","Floyd","1353","Blackburn Media Group","NA",2623,"1"
"153","TX",19139,"Forney Messenger","W","Forney","Kaufman","2713","Griffin Cary & Judy","NA",3600,"1"
"154","TX",59108,"Jeff Davis County Mt. Dispatch","W","Fort Davis","Jeff Davis","2108","Dillard, Bob","NA",1500,"1"
"155","TX",19141,"Fort Stockton Pioneer","W","Fort Stockton","Pecos","2662","Granite Publications","NA",3365,"1"
"156","TX",59114,"Fort Worth Weekly","W","Fort Worth","Tarrant","4113","Newquist, Lee","NA",23387,"1"
"157","TX",19407,"Keller Citizen The","W","Fort Worth","Tarrant","3772","McClatchy","Public",44322,"1"
"158","TX",14500,"Commercial Recorder","D","Fort Worth","Tarrant","4596","Ratcliff Publications Inc","NA",2250,"5"
"159","TX",11294,"Fort Worth Star-Telegram","D","Fort Worth","Tarrant","3772","McClatchy","Public",106958,"7"
"160","TX",16241,"Franklin News Weekly","W","Franklin","Robertson","3827","McNare Nicole","NA",1000,"1"
"161","TX",16246,"Frankston Citizen","W","Frankston","Anderson","2658","Graham Jeff","NA",1989,"1"
"162","TX",16251,"Fredericksburg Standard Radio Post","W","Fredericksburg","Gillespie","4021","Moser Community Media LLC","NA",7999,"1"
"163","TX",19163,"Friona Star","W","Friona","Parmer","2515","Friona Star Inc","NA",1350,"1"
"164","TX",19048,"Eagle Press","W","Fritch","Hutchinson","5074","South Plains Media Inc","NA",808,"1"
"165","TX",59128,"Borden Star","W","Gail","Borden","2051","Dean, Kerri","NA",514,"1"
"166","TX",11344,"Gainesville Daily Register","D","Gainesville","Cooke","6032","CNHI","Investment",4400,"5"
"167","TX",11351,"Galveston County Daily News The","D","Galveston","Galveston","5084","Southern Newspapers","NA",19118,"7"
"168","TX",19173,"Gatesville Messenger and Star-Forum","W","Gatesville","Coryell","2045","Day Marshall","NA",3400,"2"
"169","TX",59134,"Sunday Sun","W","Georgetown","Williamson","5412","Thurmond, Clark","NA",9000,"1"
"170","TX",20389,"Williamson County Sun","W","Georgetown","Williamson","5411","Thurman, Clark","NA",9000,"2"
"171","TX",16330,"Giddings Times and News","W","Giddings","Lee","4512","Preuss Printing Co.","NA",0,"1"
"172","TX",16336,"Gilmer Mirror","W","Gilmer","Upshur","2697","Greeneway Enterprises Inc","NA",3623,"2"
"173","TX",16339,"Gladewater Mirror","W","Gladewater","Gregg","1225","Bardwell Inc LLC","NA",1750,"2"
"174","TX",16346,"Glen Rose Reporter","W","Glen Rose","Somervell","2464","Gannett/Gatehouse","Investment",3000,"1"
"175","TX",16371,"Goldthwaite Eagle","W","Goldthwaite","Mills","1476","Bridges Steven","NA",1975,"1"
"176","TX",59142,"Goliad Advance-Guard","W","Goliad","Goliad","3458","Latcham, Jeff & Chip","NA",2000,"1"
"177","TX",19208,"Gonzales Inquirer","W","Gonzales","Gonzales","2662","Granite Publications","NA",2277,"2"
"178","TX",19215,"Graham Leader","W","Graham","Young","4021","Moser Community Media LLC","Private",3450,"2"
"179","TX",16629,"Hood County News","W","Granbury","Hood","5415","Tidwell Jerry","NA",8959,"2"
"180","TX",19217,"Grand Saline Sun","W","Grand Saline","Van Zandt","3991","Moore Dan & Mary Ann","NA",1254,"1"
"181","TX",16391,"Tribune Progress","W","Granger","Williamson","1336","Bielss Gayle","NA",1616,"1"
"182","TX",90209,"Royse City Herald Banner","W","Greenville","Hunt","6032","CNHI","Investment",5000,"1"
"183","TX",15700,"Commerce Journal","W","Greenville","Hunt","6032","CNHI","Investment",2067,"1"
"184","TX",11470,"Herald-Banner","D","Greenville","Hunt","6032","CNHI","Investment",4000,"5"
"185","TX",90208,"Rockwall County Herald Banner","W","Greenville","Rockwall","6032","CNHI","Investment",5855,"1"
"186","TX",16448,"Groesbeck Journal","W","Groesbeck","Limestone","4021","Moser Community Media LLC","NA",2600,"1"
"187","TX",16473,"Halletsville Tribune-Herald","W","Hallettsville","Lavaca","3557","LM Preuss","NA",3192,"1"
"188","TX",16554,"Hamilton Herald-News","W","Hamilton","Hamilton","3915","Miller Kenneth","NA",3200,"1"
"189","TX",11528,"Valley Morning Star","D","Harlingen","Cameron","1039","AIM Media","NA",13398,"7"
"190","TX",16517,"Hart Beat","W","Hart","Castro","5840","Williams Neoma","NA",382,"1"
"191","TX",19278,"Robertson County News","W","Hearne","Robertson","4021","Moser Community Media LLC","NA",2238,"1"
"192","TX",59176,"Jim Hogg County Enterprise","W","Hebbronville","Jim Hogg","4815","Salinas, Tony","NA",0,"1"
"193","TX",59175,"Hebbronville View","W","Hebbronville","Jim Hogg","5599","Vela Carlos","NA",1400,"1"
"194","TX",18128,"Sabine County Reporter","W","Hemphill","Sabine","1884","Corley Stephanie","NA",3000,"1"
"195","TX",20301,"Waller County News-Citizen","W","Hempstead","Waller","1290","Bennatte & Associates","NA",1599,"1"
"196","TX",14141,"Henderson Daily News","D","Henderson","Rusk","2857","Hartman Newspapers","NA",6039,"6"
"197","TX",18895,"Clay County Leader","W","Henrietta","Clay","4170","North Central Texas Publishing","NA",3000,"1"
"198","TX",14142,"Hereford Brand","D","Hereford","Deaf Smith","2927","Hereford Brand","NA",2100,"5"
"199","TX",19309,"Hico News-Review","W","Hico","Hamilton","3764","McAdams Jerry","NA",1550,"1"
"200","TX",14828,"Hillsboro Reporter","W","Hillsboro","Hill","4654","Reporter Inc","NA",4250,"2"
"201","TX",16628,"Hondo Anvil Herald","W","Hondo","Medina","1161","Associated Texas Newspapers Inc.","NA",4531,"1"
"202","TX",20804,"West Texas County Courier","W","Horizon City","El Paso","3002","Homesteader News Inc.","NA",11000,"1"
"203","TX",90098,"Houston Press","W","Houston","Harris","5632","Voice Media Group","Private",85000,"1"
"204","TX",59197,"Defender Media Group","W","Houston","Harris","3177","Jiles, Von","NA",NA,"1"
"205","TX",59195,"Forward Times","W","Houston","Harris","4682","Richards, Karen Carter","NA",64580,"1"
"206","TX",21547,"Cypress Creek Mirror","W","Houston","Harris","2886","Hearst Corporation","Private",34741,"1"
"207","TX",17570,"Northeast News","W","Houston","Harris","2655","GrafikPress Corp","NA",30000,"1"
"208","TX",16585,"Highlands Star/Crosby Courier","W","Houston","Harris","2655","GrafikPress Corp","NA",7800,"1"
"209","TX",14825,"Leader","W","Houston","Harris","3788","McElvy Media LLC","NA",33952,"1"
"210","TX",11654,"Houston Chronicle","D","Houston","Harris","2886","Hearst Corporation","Private",239798,"7"
"211","TX",59211,"Hubbard City News","W","Hubbard","Hill","3943","Minze, Barbara","NA",1050,"1"
"212","TX",11677,"Huntsville Item","D","Huntsville","Walker","6032","CNHI","Investment",5690,"5"
"213","TX",59217,"Idalou Beacon","W","Idalou","Lubbock","3154","Jamet, Jona","NA",1000,"1"
"214","TX",16719,"Iowa Park Leader","W","Iowa Park","Wichita","2794","Hamilton Dolores","NA",2700,"1"
"215","TX",90691,"Jacksboro Herald-Gazette","W","Jacksboro","Jack","4021","Moser Community Media","Private",1511,"Fri"
"216","TX",11758,"Jacksonville Daily Progress","D","Jacksonville","Cherokee","6032","CNHI","Investment",5011,"6"
"217","TX",19377,"Jasper Newsboy","W","Jasper","Jasper","2886","Hearst Corporation","Private",6100,"1"
"218","TX",16768,"Jefferson Jimplecute","W","Jefferson","Marion","4304","Palmer Bob","NA",2075,"1"
"219","TX",19386,"Jewett Messenger","W","Jewett","Leon","1773","Clute David and Gail","NA",1824,"1"
"220","TX",14827,"Johnson City Record-Courier","W","Johnson City","Blanco","5752","Wesner Publications Co","NA",1800,"1"
"221","TX",19399,"Junction Eagle","W","Junction","Kimble","3344","Kistler Debbie","NA",2000,"1"
"222","TX",19404,"Katy Times","W","Katy","Harris","2857","Hartman Newspapers","NA",4827,"1"
"223","TX",19405,"Kaufman Herald","W","Kaufman","Kaufman","2857","Hartman Newspapers","NA",3249,"1"
"224","TX",19402,"Karnes Countywide The","W","Kenedy","Karnes","1274","Beeville Publishing Inc","NA",4000,"1"
"225","TX",19415,"Kerens Tribune","W","Kerens","Navarro","3838","Media One LLC","NA",983,"1"
"226","TX",20921,"Winkler County News","W","Kermit","Winkler","2628","Golden West Free Press","NA",1500,"1"
"227","TX",11852,"Kerrville Daily Times","D","Kerrville","Kerr","5084","Southern Newspapers","NA",7094,"6"
"228","TX",11856,"Kilgore News Herald","W","Kilgore","Gregg","6264","M. Roberts Media","NA",3970,"2"
"229","TX",11857,"Killeen Daily Herald","D","Killeen","Bell","2481","Frank Mayborn Enterprises","NA",12645,"7"
"230","TX",16846,"Kingsville Record and Bishop News","W","Kingsville","Kleberg","3333","King Rinch Inc","NA",6000,"2"
"231","TX",16008,"Kirbyville Banner","W","Kirbyville","Jasper","4648","Rencau, Danny","NA",1779,"1"
"232","TX",14821,"Hays Free Press","W","Kyle","Hays","1235","Barton Publications Inc","NA",4085,"1"
"233","TX",19116,"Fayette County Record","W","La Grange","Fayette","2387","Fayette County Record Inc","NA",5528,"2"
"234","TX",16864,"La Vernia News","W","La Vernia","Wilson","3371","Kolodziej Elaine","NA",1813,"1"
"235","TX",16922,"Lamesa Press-Reporter","W","Lamesa","Dawson","4728","Roberts Publishing","NA",2356,"2"
"236","TX",16926,"Lampasas Dispatch Record","W","Lampasas","Lampasas","2954","Hill Country Publishing","NA",2978,"2"
"237","TX",11941,"Laredo Morning Times","D","Laredo","Webb","2886","Hearst Corporation","Private",12519,"7"
"238","TX",19468,"Leonard Graphic","W","Leonard","Fannin","1375","Blevins Betsy & Jason","NA",724,"1"
"239","TX",16983,"Levelland and Hockley County News-Press","W","Levelland","Hockley","5173","Stephen & Pat Enterprises Inc.","NA",4850,"2"
"240","TX",59278,"Lexington Leader","W","Lexington","Lee","4283","Owen Rita","NA",1500,"1"
"241","TX",19477,"Vindicator The","W","Liberty","Liberty","2662","Granite Publications","NA",1751,"1"
"242","TX",90696,"Liberty Hill Independent","W","Liberty Hill","Williamson","6222","Shelly Wilkison",NA,2000,NA
"243","TX",19487,"Lindale News and Times","W","Lindale","Smith","1386","Bluebonnet Publishing","NA",2127,"1"
"244","TX",15472,"Cass County Sun","W","Linden","Cass","4021","Moser Community Media LLC","NA",2175,"1"
"245","TX",16920,"Lamb County Leader News","W","Littlefield","Lamb","5752","Wesner Publications Co","NA",2386,"2"
"246","TX",14502,"Polk County Enterprise","W","Livingston","Polk","4470","Polk County Publishing Co","NA",7756,"2"
"247","TX",18149,"San Jacinto News-Times","W","Livingston","San Jacinto","4470","Polk County Publishing Co","NA",2467,"1"
"248","TX",19498,"Llano News The","W","Llano","Llano","3556","Llano Publishing","NA",0,"1"
"249","TX",17040,"Lockhart Post-Register","W","Lockhart","Caldwell","2559","Garrett Dana","NA",3263,"1"
"250","TX",12063,"Longview News-Journal","D","Longview","Gregg","6264","M. Roberts Media","NA",18017,"7"
"251","TX",59295,"Southwest Digest","W","Lubbock","Lubbock","4346","Patterson, TJ","NA",4800,"1"
"252","TX",12088,"Lubbock Avalanche-Journal","D","Lubbock","Lubbock","2464","Gannett/Gatehouse","Investment",23887,"7"
"253","TX",12091,"Lufkin Daily News","D","Lufkin","Angelina","5084","Southern Newspapers","NA",8823,"7"
"254","TX",19515,"Luling Newsboy and Signal","W","Luling","Caldwell","3781","McCrary Karen","NA",1739,"1"
"255","TX",16508,"Hardin County News The","W","Lumberton","Liberty","2886","Hearst Corporation","Private",19000,"1"
"256","TX",19620,"Monitor","W","Mabank","Kaufman","5587","Van Zandt Newspapers LLC","NA",25940,"2"
"257","TX",19524,"Madisonville Meteor","W","Madisonville","Madison","2662","Granite Publications","NA",1234,"1"
"258","TX",19531,"Malakoff News","W","Malakoff","Henderson","3838","Media One LLC","NA",2200,"1"
"259","TX",19843,"Picayune","W","Marble Falls","Burnet","5616","Russell, Larry","NA",24303,"1"
"260","TX",14824,"Highlander","W","Marble Falls","Burnet","1219","Bar 30 Media","NA",6159,"2"
"261","TX",18725,"Big Bend Sentinel","W","Marfa","Presidio","3397","La Frontera Publications Inc","NA",2683,"1"
"262","TX",17150,"Marlin Democrat","W","Marlin","Falls","2662","Granite Publications","NA",2370,"1"
"263","TX",12165,"Marshall News-Messenger","D","Marshall","Harrison","6264","M. Roberts Media","NA",4517,"6"
"264","TX",17156,"Mart Messenger","W","Mart","McLennan","2870","Hauk Larry & Tuma David","NA",1800,"1"
"265","TX",17165,"Mason County News","W","Mason","Mason","3736","Mason County Publishing","NA",2188,"1"
"266","TX",17179,"McGregor Mirror and Crawford Sun","W","Mc Gregor","McLennan","3944","Mirror Printing Company","NA",1907,"1"
"267","TX",59083,"Edinburg Review","W","Mcallen","Hidalgo","3842","Medrano, Linda","NA",24041,"1"
"268","TX",20614,"Valley Town Crier","W","McAllen","Hidalgo","2464","Gannett/Gatehouse","Investment",14989,"1"
"269","TX",12191,"Monitor","D","McAllen","Hidalgo","1039","AIM Media","NA",24663,"7"
"270","TX",17206,"Menard News and Messenger","W","Menard","Menard","2391","Feather Jr Dan","NA",0,"1"
"271","TX",19582,"Mercedes Enterprise","W","Mercedes","Hidalgo","2956","Hinds Robert","NA",1960,"1"
"272","TX",19583,"Merkel Mail","W","Merkel","Taylor","5941","WrightGerald/Glenna & Starbuck John","NA",1066,"1"
"273","TX",14143,"Mexia News The","W","Mexia","Limestone","4021","Moser Community Media LLC","NA",2350,"3"
"274","TX",19591,"Miami Chief","W","Miami","Roberts","1349","Black Sandy","NA",437,"1"
"275","TX",12269,"Midland Reporter-Telegram","D","Midland","Midland","2886","Hearst Corporation","Private",12820,"7"
"276","TX",18936,"Concho Herald The","W","Miles","Concho","3867","Messenger Publications Inc (TX)","NA",200,"1"
"277","TX",18116,"Rowena Press The","W","Miles","Runnels","3867","Messenger Publications Inc (TX)","NA",0,"1"
"278","TX",17254,"Miles Messenger","W","Miles","Runnels","3867","Messenger Publications Inc (TX)","NA",519,"1"
"279","TX",90662,"Wood County Monitor","W","Mineola","Wood","1386","Bluebonnet Publishing","Private",3800,NA
"280","TX",12289,"Mineral Wells Index","D","Mineral Wells","Palo Pinto","6032","CNHI","Investment",7945,"6"
"281","TX",17944,"Progress Times","W","Mission","Hidalgo","1527","Brunson James","NA",10000,"1"
"282","TX",17298,"Monahans News","W","Monahans","Ward","1480","Briggs News Alliance","NA",1595,"2"
"283","TX",19635,"Suburban Courier","W","Moody","McLennan","1732","Citizen Newspapers Inc","NA",803,"1"
"284","TX",19645,"Moulton Eagle","W","Moulton","Lavaca","2789","Hallettsville Publishing","NA",1350,"1"
"285","TX",12371,"Mount Pleasant Daily Tribune","D","Mount Pleasant","Titus","4306","Palmer Media Inc","NA",2500,"6"
"286","TX",17395,"Mount Vernon Optic-Herald","W","Mount Vernon","Franklin","2473","Four Corners Publishing","NA",0,"1"
"287","TX",17396,"Muenster Enterprise","W","Muenster","Cooke","5904","Wood Scott","NA",1736,"1"
"288","TX",17398,"Muleshoe Journal","W","Muleshoe","Bailey","2886","Hearst Corporation","Private",1650,"1"
"289","TX",19664,"Stonewall County Courier","W","Munday","Knox","5796","White Jay","NA",960,"1"
"290","TX",16856,"Knox County News-Courier","W","Munday","Knox","1353","Blackburn Media Group","NA",934,"1"
"291","TX",10926,"Daily Sentinel The","D","Nacogdoches","Nacogdoches","5084","Southern Newspapers","NA",6385,"7"
"292","TX",19673,"Navasota Examiner","W","Navasota","Grimes","2662","Granite Publications","NA",3986,"1"
"293","TX",16459,"Gulf Coast Tribune","W","Needville","Fort Bend","5455","Toney David","NA",1267,"1"
"294","TX",15255,"Bowie County Citizen Tribune","W","New Boston","Jones","4021","Moser Community Media LLC","NA",5700,"1"
"295","TX",11594,"New Braunfels Herald-Zeitung","D","New Braunfels","Comal","5084","Southern Newspapers","NA",8308,"6"
"296","TX",19686,"New Ulm EnterpriseThe","W","New Ulm","Austin","2192","Dungen, Maridel","NA",1047,"1"
"297","TX",14816,"Newton County News","W","Newton","Newton","5824","Wilkerson Jay and Shawn","NA",1500,"1"
"298","TX",17525,"Nocona News","W","Nocona","Montague","3861","Mesler Tracy","NA",1650,"1"
"299","TX",19741,"Normangee Star The","W","Normangee","Leon","1424","Boulden Billy","NA",1450,"1"
"300","TX",12649,"Odessa American","D","Odessa","Ector","1039","AIM Media","NA",15520,"7"
"301","TX",17622,"O'Donnell Index-Press","W","Odonnell","Lynn","5177","Stephens Stephanie","NA",467,"1"
"302","TX",90099,"Olney Enterprise","W","Olney","Young","4021","Moser Community Media LLC","Private",1233,"1"
"303","TX",19782,"Olton Enterprise","W","Olton","Lamb","2796","Hamilton Phillip & Ursula","NA",1130,"1"
"304","TX",12674,"Orange Leader","W","Orange","Orange","1409","Boone Newspapers","Private",2967,"3"
"305","TX",17714,"Ozona Stockman","W","Ozona","Crockett","4386","Perner Mellisa","NA",1775,"1"
"306","TX",19805,"Paducah Post","W","Paducah","Cottle","4294","Paducah Publishing Inc Corp","NA",970,"1"
"307","TX",17720,"Palacios Beacon","W","Palacios","Matagorda","5455","Toney David","NA",1975,"1"
"308","TX",12720,"Palestine Herald-Press","D","Palestine","Anderson","6032","CNHI","Investment",23800,"7"
"309","TX",12735,"Pampa News","D","Pampa","Gray","4542","PTS Inc.","NA",4100,"6"
"310","TX",17733,"Panhandle Herald","W","Panhandle","Carson","5875","Wink Shaun & Frank","NA",1270,"1"
"311","TX",12744,"Paris News","D","Paris","Lamar","5084","Southern Newspapers","NA",6492,"6"
"312","TX",17770,"Pearland Reporter News","W","Pearland","Brazoria","2297","Emmons Laura","NA",28000,"1"
"313","TX",16260,"Friendswood Reporter News","W","Pearland","Brazoria","2297","Emmons Laura","NA",2305,"1"
"314","TX",16261,"Frio-Nueces Current","W","Pearsall","Frio","2557","Garnett Craig","NA",3528,"1"
"315","TX",12770,"Pecos Enterprise","W","Pecos","Reeves","1481","Briggs York","NA",1700,"2"
"316","TX",19834,"Perryton Herald","W","Perryton","Ochiltree","2186","Dudley Mary","NA",3500,"2"
"317","TX",18610,"Advance News Journal","W","Pharr","Hidalgo","5748","Wendorf Gregg","NA",0,"1"
"318","TX",59394,"Pilot Point Post Signal","W","Pilot Point","Denton","3518","Lewis, David","NA",2030,"1"
"319","TX",19856,"Pittsburg Gazette","W","Pittsburg","Camp","4021","Moser Community Media LLC","NA",3133,"1"
"320","TX",12836,"Plainview Herald","D","Plainview","Hale","2886","Hearst Corporation","Private",5000,"5"
"321","TX",18633,"Allen American","W","Plano","Collin","6021","S.A.W. Advisors LLC","NA",29120,"1"
"322","TX",16262,"Frisco Enterprise","W","Plano","Collin","6021","S.A.W. Advisors LLC","NA",26329,"1"
"323","TX",15498,"Celina Record","W","Plano","Collin","6021","S.A.W. Advisors LLC","NA",427,"1"
"324","TX",14822,"North Dallas Gazette","W","Plano","Collin","3941","Minority Opportunity News","NA",9975,"1"
"325","TX",12838,"Plano Star Courier","W","Plano","Collin","6021","S.A.W. Advisors LLC","NA",45040,"2"
"326","TX",12198,"McKinney Courier-Gazette","W","Plano","Collin","6021","S.A.W. Advisors LLC","NA",30059,"1"
"327","TX",21062,"Rowlett Lakeshore Times","W","Plano","Dallas","6021","S.A.W. Advisors LLC","NA",6428,"1"
"328","TX",21061,"Mesquite News","W","Plano","Dallas","6021","S.A.W. Advisors LLC","NA",23633,"1"
"329","TX",21058,"Coppell Gazette","W","Plano","Dallas","6021","S.A.W. Advisors LLC","NA",9502,"1"
"330","TX",59266,"Lake Cities Sun","W","Plano","Denton","6021","S.A.W. Advisors LLC","NA",5406,"1"
"331","TX",21064,"Colony Courier-Leader The","W","Plano","Denton","6021","S.A.W. Advisors LLC","NA",7027,"1"
"332","TX",21057,"Carrollton Leader","W","Plano","Denton","6021","S.A.W. Advisors LLC","NA",2025,"1"
"333","TX",17031,"Little Elm Journal","W","Plano","Denton","6021","S.A.W. Advisors LLC","NA",6038,"1"
"334","TX",16992,"Lewisville Leader","W","Plano","Denton","6021","S.A.W. Advisors LLC","NA",11551,"1"
"335","TX",17862,"Pleasanton Express","W","Pleasanton","Atascosa","5825","Wilkerson Publishing Inc","NA",8400,"1"
"336","TX",17885,"Port Aransas South Jetty","W","Port Aransas","Nueces","5084","Southern Newspapers","NA",4556,"1"
"337","TX",12856,"Port Arthur News","D","Port Arthur","Jefferson","1409","Boone Newspapers","Private",8138,"6"
"338","TX",17887,"Port Isabel-South Padre Press","W","Port Isabel","Cameron","4100","New Horizon Publishers Inc.","NA",30000,"2"
"339","TX",18816,"Port Lavaca Wave","W","Port Lavaca","Calhoun","2857","Hartman Newspapers","NA",6500,"2"
"340","TX",19882,"Post Dispatch","W","Post","Garza","1353","Blackburn Media Group","NA",1550,"1"
"341","TX",20531,"Quanah Tribune-Chief","W","Quanah","Hardeman","4170","North Central Texas Publishing","NA",1519,"2"
"342","TX",20267,"Valley Tribune","W","Quitaque","Briscoe","2716","Griffin Laura","NA",1000,"1"
"343","TX",17998,"Raymondville Chronicle and Willacy County News","W","Raymondville","Willacy","5810","Whitworth Paul","NA",2500,"1"
"344","TX",17638,"Observer Enterprise The","W","Robert Lee","Coke","3782","McCutchen Melinda","NA",1585,"1"
"345","TX",19981,"Rockdale Reporter","W","Rockdale","Milam","4748","Rockdale Reporter","NA",NA,"1"
"346","TX",18089,"Rockport Pilot","W","Rockport","Aransas","2857","Hartman Newspapers","NA",4745,"2"
"347","TX",20172,"Texas Mohair Weekly","W","Rocksprings","Edwards","5360","Texas Mohair Weekly","NA",4175,"1"
"348","TX",19987,"Rosebud News","W","Rosebud","Falls","2662","Granite Publications","NA",1815,"1"
"349","TX",11583,"Fort Bend Herald/ Texas Coaster","D","Rosenberg","Fort Bend","2857","Hartman Newspapers","NA",7182,"6"
"350","TX",90690,"Double Mountain Chronicle","W","Rotan","Fisher","6219","Rosemary Dunham","Private",1038,"Fri"
"351","TX",18114,"Round Rock Leader","W","Round Rock","Williamson","1922","Cox Newspapers","Private",6010,"2"
"352","TX",15547,"Cherokeean Herald","W","Rusk","Cherokee","5800","Whitehead Enterprises Inc","NA",4700,"1"
"353","TX",20006,"Saint Jo Tribune The","W","Saint Jo","Montague","1787","Cole, C.E.","NA",883,"1"
"354","TX",18135,"Salado Village Voice","W","Salado","Bell","2431","Fleisher Tim","NA",1500,"1"
"355","TX",13108,"San Angelo Standard-Times","D","San Angelo","Tom Green","2547","Gannett/Gatehouse","Public",13579,"7"
"356","TX",59457,"San Antonio Observer","W","San Antonio","Bexar","5332","Taylor, Lanell","NA",2956,"1"
"357","TX",59454,"San Antonio Current","W","San Antonio","Bexar","5654","Wagner, Michael","NA",19378,"1"
"358","TX",13110,"San Antonio Express-News","D","San Antonio","Bexar","2886","Hearst Corporation","Private",92837,"7"
"359","TX",18144,"San Augustine Tribune","W","San Augustine","San Augustine","2876","Hays Stephen","NA",3300,"1"
"360","TX",18145,"San Benito News","W","San Benito","Cameron","4100","New Horizon Publishers Inc.","NA",4164,"2"
"361","TX",13129,"San Marcos Daily Record","D","San Marcos","Hays","4021","Moser Community Media LLC","NA",6464,"5"
"362","TX",20014,"San Saba News and Star","W","San Saba","San Saba","5752","Wesner Publications Co","NA",2464,"1"
"363","TX",20022,"Schulenburg Sticker","W","Schulenburg","Fayette","5647","Vyvjala Maxine","NA",2857,"1"
"364","TX",18204,"Sealy News","W","Sealy","Austin","2662","Granite Publications","NA",4066,"1"
"365","TX",14144,"Seguin Gazette","D","Seguin","Guadalupe","5084","Southern Newspapers","NA",4384,"5"
"366","TX",18216,"Seminole Sentinel","W","Seminole","Gaines","4728","Roberts Publishing","NA",27875,"2"
"367","TX",15110,"Baylor County Banner","W","Seymour","Baylor","1215","Banner Publishing Company","NA",2526,"1"
"368","TX",59477,"County Star News","W","Shamrock","Wheeler","1356","Blackmon, Jeff","NA",2400,"1"
"369","TX",90095,"Anna-Melissa Tribune The","W","Sherman","Collin","2464","Gannett/Gatehouse","Investment",9000,"1"
"370","TX",11566,"Herald Democrat","D","Sherman","Grayson","2464","Gannett/Gatehouse","Investment",15586,"6"
"371","TX",20043,"Shiner Gazette","W","Shiner","Lavaca","4512","Preuss Printing Co.","NA",2250,"1"
"372","TX",18271,"Silsbee Bee","W","Silsbee","Hardin","4648","Rencau, Danny","NA",4734,"1"
"373","TX",18155,"San Patricio County News","W","Sinton","San Patricio","4828","San Patricio Publishing Co Inc","NA",2500,"1"
"374","TX",20054,"Slatonite","W","Slaton","Lubbock","4687","Richardson Ken","NA",1925,"1"
"375","TX",13269,"Snyder Daily News","D","Snyder","Scurry","4728","Roberts Publishing","NA",4688,"6"
"376","TX",19020,"Devil's River News","W","Sonora","Sutton","1605","Cam Publications","NA",1210,"1"
"377","TX",16499,"Hansford County Reporter-Statesman","W","Spearman","Hansford","5027","Smith Gary","NA",1700,"1"
"378","TX",18417,"Springtown Epigraph","W","Springtown","Parker","1179","Azle Tri-County Advertiser Inc.","NA",2010,"1"
"379","TX",20173,"Texas Spur","W","Spur","Dickens","5328","Taylor Greg and Cindi","NA",1200,"1"
"380","TX",16209,"Fort Bend Star","W","Stafford","Fort Bend","1647","Carter Beverly","NA",34975,"1"
"381","TX",59499,"Stamford Star","W","Stamford","Jones","1300","Bereuter, Cheyenne","NA",1700,"1"
"382","TX",59497,"New Stamford American","W","Stamford","Jones","3870","Metler-Smith, Callie","NA",526,"1"
"383","TX",59500,"Martin County Messenger","W","Stanton","Martin","2108","Dillard, Bob","NA",1500,"1"
"384","TX",13398,"Stephenville Empire-Tribune","D","Stephenville","Erath","2464","Gannett/Gatehouse","Investment",4752,"5"
"385","TX",20125,"Stratford Star","W","Stratford","Sherman","4729","Robertson Martha","NA",529,"1"
"386","TX",14145,"Sulphur Springs News-Telegram","D","Sulphur Springs","Hopkins","2233","Echo Publishing Inc","NA",5860,"6"
"387","TX",13458,"Sweetwater Reporter","D","Sweetwater","Nolan","3017","Horizon Publications","Private",4176,"6"
"388","TX",17069,"Lynn County News","W","Tahoka","Lynn","2283","Elliott Vondell","NA",1160,"1"
"389","TX",59216,"Hutto News The","W","Taylor","Williamson","2662","Granite Publications","NA",6600,"1"
"390","TX",14072,"Taylor Press","W","Taylor","Williamson","2662","Granite Publications","NA",2405,"2"
"391","TX",20163,"Teague Chronicle","W","Teague","Freestone","5827","Wilkins Patricia","NA",2500,"1"
"392","TX",13489,"Temple Daily Telegram","D","Temple","Bell","2481","Frank Mayborn Enterprises","NA",16144,"7"
"393","TX",13492,"Terrell Tribune","W","Terrell","Kaufman","2857","Hartman Newspapers","NA",12800,"2"
"394","TX",13496,"Texarkana Gazette","D","Texarkana","Bowie","5735","Wehco Media","NA",18095,"7"
"395","TX",14826,"Progress The","W","Three Rivers","Live Oak","1274","Beeville Publishing Inc","NA",3186,"1"
"396","TX",20443,"Throckmorton Tribune","W","Throckmorton","Throckmorton","4703","Riley Rhonda","NA",1265,"1"
"397","TX",59524,"Timpson and Tenaha News","W","Timpson","Shelby","4371","Pena, Hilda","NA",2007,"1"
"398","TX",20509,"Trenton Tribune","W","Trenton","Fannin","2992","Holmes Tom","NA",1215,"1"
"399","TX",20226,"Trinity Standard","W","Trinity","Trinity","2982","Holley Alvin","NA",2800,"1"
"400","TX",59531,"Swisher County News","W","Tulia","Swisher","3012","Hooten, Patsy","NA",1184,"1"
"401","TX",13693,"Tyler Morning Telegraph","D","Tyler","Smith","6264","M. Roberts Media","NA",16587,"7"
"402","TX",20254,"Uvalde Leader-News","W","Uvalde","Uvalde","2557","Garnett Craig","NA",4741,"2"
"403","TX",59536,"Valley Mills Progress","W","Valley Mills","Bosque","2676","Grear, Mark","NA",675,"1"
"404","TX",20618,"Van Alstyne Leader","W","Van Alstyne","Grayson","2464","Gannett/Gatehouse","Investment",969,"1"
"405","TX",20622,"Van Horn Advocate","W","Van Horn","Culberson","4999","Simpson Larry","NA",985,"1"
"406","TX",20271,"Vega Enterprise","W","Vega","Oldham","5335","Taylor Quincy","NA",900,"1"
"407","TX",14074,"Vernon Daily Record The","D","Vernon","Wilbarger","4170","North Central Texas Publishing","NA",3600,"6"
"408","TX",13769,"Victoria Advocate The","D","Victoria","Victoria","6264","M. Roberts Media","NA",23441,"7"
"409","TX",20278,"Vidor Vidorian","W","Vidor","Orange","3608","Luker Merle","NA",12777,"2"
"410","TX",18056,"Riesel Rustler","W","Waco","McLennan","3228","Jones Roger","NA",564,"1"
"411","TX",13789,"Waco Tribune-Herald","D","Waco","McLennan","1306","Lee/Bh Media","Investment",25550,"7"
"412","TX",20678,"Wallis News-Review","W","Wallis","Austin","2715","Griffin Joanie and Johnny","NA",1010,"1"
"413","TX",19602,"Midlothian Mirror The","W","Waxahachie","Ellis","2464","Gannett/Gatehouse","Investment",6000,"1"
"414","TX",14075,"Waxahachie Daily Light","D","Waxahachie","Ellis","2464","Gannett/Gatehouse","Investment",4500,"5"
"415","TX",13854,"Weatherford Democrat","D","Weatherford","Parker","6032","CNHI","Investment",3600,"5"
"416","TX",14819,"Bay Area Citizen The","W","Webster","Harris","2886","Hearst Corporation","Private",28523,"1"
"417","TX",12757,"Pasadena Citizen","W","Webster","Harris","2886","Hearst Corporation","Private",13472,"2"
"418","TX",20351,"Weimar Mercury","W","Weimar","Colorado","1259","Beal Publications","NA",3351,"1"
"419","TX",20362,"West News","W","West","McLennan","5758","West News","NA",3000,"1"
"420","TX",18769,"Brazoria County News","W","West Columbia","Brazoria","5455","Toney David","NA",11000,"1"
"421","TX",59559,"East Bernard Express","W","Wharton","Wharton","4719","River Publishers Inc.","NA",1000,"1"
"422","TX",20857,"Wharton Journal-Spectator","W","Wharton","Wharton","4719","River Publishers Inc.","NA",4500,"2"
"423","TX",20383,"Wheeler Times","W","Wheeler","Wheeler","5154","Stas Louis","NA",973,"1"
"424","TX",20866,"White Deer News","W","White Deer","Carson","5875","Wink Shaun & Frank","NA",1825,"1"
"425","TX",14505,"Whitesboro News-Record","W","Whitesboro","Grayson","5802","Whitesboro Publishing Company Inc","NA",3038,"1"
"426","TX",20882,"Whitewright Sun","W","Whitewright","Grayson","5804","Whitewright Sun Inc","NA",1100,"1"
"427","TX",13589,"Wichita Falls Times Record News","D","Wichita Falls","Wichita","2547","Gannett/Gatehouse","Public",16257,"7"
"428","TX",20904,"Wills Point Chronicle","W","Wills Point","Van Zandt","5587","Van Zandt Newspapers LLC","NA",3551,"1"
"429","TX",20623,"Van Zandt News","W","Wills Point","Van Zandt","5587","Van Zandt Newspapers LLC","NA",5600,"1"
"430","TX",20395,"Wimberley View","W","Wimberley","Hays","2989","Holly Media Group Inc","NA",2100,"2"
"431","TX",15508,"Century News","W","Wimberley","Hays","2989","Holly Media Group Inc","NA",300,"1"
"432","TX",16627,"Hometown Press","W","Winnie","Chambers","5847","Willie Scott","NA",2000,"1"
"433","TX",20401,"Winnsboro News","W","Winnsboro","Wood","4374","Pendergast Tom","NA",4018,"1"
"434","TX",14506,"Tyler County Booster","W","Woodville","Tyler","4470","Polk County Publishing Co","NA",4750,"1"
"435","TX",59579,"Murphy Monitor","W","Wylie","Collin","1576","C&S Media","NA",2179,"1"
"436","TX",20970,"Wylie News","W","Wylie","Collin","1576","C&S Media","NA",3856,"1"
"437","TX",59468,"Sachse News","W","Wylie","Dallas","1576","C&S Media","NA",1533,"1"
"438","TX",16562,"Yoakum Herald-Times","W","Yoakum","Lavaca","2981","Hollettsville Publishing","NA",3200,"1"
"439","TX",20983,"Yorktown News-View","W","Yorktown","DeWitt","4021","Moser Community Media LLC","NA",2775,"1"
"440","TX",20988,"Zapata County News","W","Zapata","Zapata","5764","Westerman Karran","NA",2566,"1"
