"name","label","source","source_link","notes","year","category"
"County","County name","","","","",""
"FIPS.Code","State-county FIPS Code (5-digit)","","","","",""
"Population","Total weighted population","U.S. Census Bureau American Community Survey 5-Year Estimates","https://www.census.gov/data/developers/data-sets/acs-5year.html","Included data were obtained from the U.S. Department of Health and Human Services Agency for Healthcare Research and Quality's Social Determinants of Health Database. Data reflects the 5-year estimate ending with the indicated year.","2020",""
"Economic.Region","Economic region, as classified by the Texas Comptroller","","https://comptroller.texas.gov/economy/economic-data/regions","","",""
"Overall.Social.Vulnerability","Overall social vulnerability ranking","Centers for Disease Control and Prevention, Agency for Toxic Substances and Disease Registry","https://www.atsdr.cdc.gov/placeandhealth/svi/at-a-glance_svi.html","The CDC/ATSDR Social Vulnerability Index ranks counties' social vulnerability along four dimensions: socioeconomic status, household characteristics, racial and ethnic minority status and housing type and transportation. An overall ranking combines these dimensions. Rankings are relative to all U.S. counties, and higher numbers indicate greater vulnerability. According to the CDC/ATSDR, social Vulnerability refers to the resilience of communities (the ability to survive and thrive) when confronted by external stresses on human health, stresses such as natural or human-caused disasters, or disease outbreaks.","2020",""
"Socioeconomic.Social.Vulnerability","Socioeconomic social vulnerability ranking","Centers for Disease Control and Prevention, Agency for Toxic Substances and Disease Registry","https://www.atsdr.cdc.gov/placeandhealth/svi/at-a-glance_svi.html","The CDC/ATSDR Social Vulnerability Index ranks counties' social vulnerability along four dimensions: socioeconomic status, household characteristics, racial and ethnic minority status and housing type and transportation. An overall ranking combines these dimensions. Rankings are relative to all U.S. counties, and higher numbers indicate greater vulnerability. According to the CDC/ATSDR, social Vulnerability refers to the resilience of communities (the ability to survive and thrive) when confronted by external stresses on human health, stresses such as natural or human-caused disasters, or disease outbreaks.","2020",""
"Household.Characteristics.Social.Vulnerability","Household characteristics social vulnerability ranking","Centers for Disease Control and Prevention, Agency for Toxic Substances and Disease Registry","https://www.atsdr.cdc.gov/placeandhealth/svi/at-a-glance_svi.html","The CDC/ATSDR Social Vulnerability Index ranks counties' social vulnerability along four dimensions: socioeconomic status, household characteristics, racial and ethnic minority status and housing type and transportation. An overall ranking combines these dimensions. Rankings are relative to all U.S. counties, and higher numbers indicate greater vulnerability. According to the CDC/ATSDR, social Vulnerability refers to the resilience of communities (the ability to survive and thrive) when confronted by external stresses on human health, stresses such as natural or human-caused disasters, or disease outbreaks.","2020",""
"Race.Ethnicity.Social.Vulnerability","Racial and ethnic minority status social vulnerability ranking","Centers for Disease Control and Prevention, Agency for Toxic Substances and Disease Registry","https://www.atsdr.cdc.gov/placeandhealth/svi/at-a-glance_svi.html","The CDC/ATSDR Social Vulnerability Index ranks counties' social vulnerability along four dimensions: socioeconomic status, household characteristics, racial and ethnic minority status and housing type and transportation. An overall ranking combines these dimensions. Rankings are relative to all U.S. counties, and higher numbers indicate greater vulnerability. According to the CDC/ATSDR, social Vulnerability refers to the resilience of communities (the ability to survive and thrive) when confronted by external stresses on human health, stresses such as natural or human-caused disasters, or disease outbreaks.","2020",""
"Housing.Transport.Social.Vulnerability","Housing type and transportation social vulnerability ranking","Centers for Disease Control and Prevention, Agency for Toxic Substances and Disease Registry","https://www.atsdr.cdc.gov/placeandhealth/svi/at-a-glance_svi.html","The CDC/ATSDR Social Vulnerability Index ranks counties' social vulnerability along four dimensions: socioeconomic status, household characteristics, racial and ethnic minority status and housing type and transportation. An overall ranking combines these dimensions. Rankings are relative to all U.S. counties, and higher numbers indicate greater vulnerability. According to the CDC/ATSDR, social Vulnerability refers to the resilience of communities (the ability to survive and thrive) when confronted by external stresses on human health, stresses such as natural or human-caused disasters, or disease outbreaks.","2020",""
"GINI.Index","Gini index of income inequality","U.S. Census Bureau American Community Survey 5-Year Estimates","https://www.census.gov/data/developers/data-sets/acs-5year.html","Included data were obtained from the U.S. Department of Health and Human Services Agency for Healthcare Research and Quality's Social Determinants of Health Database. Data reflects the 5-year estimate ending with the indicated year.","2020","Economic Context"
"Percent.Unemployed","Percentage of civilian labor force that is unemployed (ages 16 and over)","U.S. Census Bureau American Community Survey 5-Year Estimates","https://www.census.gov/data/developers/data-sets/acs-5year.html","Included data were obtained from the U.S. Department of Health and Human Services Agency for Healthcare Research and Quality's Social Determinants of Health Database. Data reflects the 5-year estimate ending with the indicated year.","2020","Economic Context"
"Median.Household.Income","Median household income (dollars, inflation-adjusted to data file year)","U.S. Census Bureau American Community Survey 5-Year Estimates","https://www.census.gov/data/developers/data-sets/acs-5year.html","Included data were obtained from the U.S. Department of Health and Human Services Agency for Healthcare Research and Quality's Social Determinants of Health Database. Data reflects the 5-year estimate ending with the indicated year.","2020","Economic Context"
"Median.Household.Income.Asian","Median household income for households with an Asian alone householder (dollars, inflation-adjusted to data file year)","U.S. Census Bureau American Community Survey 5-Year Estimates","https://www.census.gov/data/developers/data-sets/acs-5year.html","Included data were obtained from the U.S. Department of Health and Human Services Agency for Healthcare Research and Quality's Social Determinants of Health Database. Data reflects the 5-year estimate ending with the indicated year.","2020","Economic Context"
"Median.Household.Income.Black","Median household income for households with a Black or African American alone householder (dollars, inflation-adjusted to data file year)","U.S. Census Bureau American Community Survey 5-Year Estimates","https://www.census.gov/data/developers/data-sets/acs-5year.html","Included data were obtained from the U.S. Department of Health and Human Services Agency for Healthcare Research and Quality's Social Determinants of Health Database. Data reflects the 5-year estimate ending with the indicated year.","2020","Economic Context"
"Median.Household.Income.Hispanic","Median household income for households with a Hispanic or Latino householder (dollars, inflation-adjusted to data file year)","U.S. Census Bureau American Community Survey 5-Year Estimates","https://www.census.gov/data/developers/data-sets/acs-5year.html","Included data were obtained from the U.S. Department of Health and Human Services Agency for Healthcare Research and Quality's Social Determinants of Health Database. Data reflects the 5-year estimate ending with the indicated year.","2020","Economic Context"
"Median.Household.Income.White","Median household income for households with a White alone, not Hispanic or Latino householder (dollars, inflation-adjusted to data file year)","U.S. Census Bureau American Community Survey 5-Year Estimates","https://www.census.gov/data/developers/data-sets/acs-5year.html","Included data were obtained from the U.S. Department of Health and Human Services Agency for Healthcare Research and Quality's Social Determinants of Health Database. Data reflects the 5-year estimate ending with the indicated year.","2020","Economic Context"
"Percent.in.Poverty","Percentage of population with an income to poverty ratio under 1.00","U.S. Census Bureau American Community Survey 5-Year Estimates","https://www.census.gov/data/developers/data-sets/acs-5year.html","Included data were obtained from the U.S. Department of Health and Human Services Agency for Healthcare Research and Quality's Social Determinants of Health Database. Data reflects the 5-year estimate ending with the indicated year.","2020","Economic Context"
"Percent.in.Poverty.Asian","Percentage of Asian population below poverty level","U.S. Census Bureau American Community Survey 5-Year Estimates","https://www.census.gov/data/developers/data-sets/acs-5year.html","Included data were obtained from the U.S. Department of Health and Human Services Agency for Healthcare Research and Quality's Social Determinants of Health Database. Data reflects the 5-year estimate ending with the indicated year.","2020","Economic Context"
"Percent.in.Poverty.Black","Percentage of Black or African American population below poverty level","U.S. Census Bureau American Community Survey 5-Year Estimates","https://www.census.gov/data/developers/data-sets/acs-5year.html","Included data were obtained from the U.S. Department of Health and Human Services Agency for Healthcare Research and Quality's Social Determinants of Health Database. Data reflects the 5-year estimate ending with the indicated year.","2020","Economic Context"
"Percent.in.Poverty.Hispanic","Percentage of Hispanic or Latino population below poverty level","U.S. Census Bureau American Community Survey 5-Year Estimates","https://www.census.gov/data/developers/data-sets/acs-5year.html","Included data were obtained from the U.S. Department of Health and Human Services Agency for Healthcare Research and Quality's Social Determinants of Health Database. Data reflects the 5-year estimate ending with the indicated year.","2020","Economic Context"
"Percent.in.Poverty.White","Percentage of White, not Hispanic population below poverty level","U.S. Census Bureau American Community Survey 5-Year Estimates","https://www.census.gov/data/developers/data-sets/acs-5year.html","Included data were obtained from the U.S. Department of Health and Human Services Agency for Healthcare Research and Quality's Social Determinants of Health Database. Data reflects the 5-year estimate ending with the indicated year.","2020","Economic Context"
"Percent.Households.Food.Stamps","Percentage of households that received food stamps/SNAP, past 12 months","U.S. Census Bureau American Community Survey 5-Year Estimates","https://www.census.gov/data/developers/data-sets/acs-5year.html","Included data were obtained from the U.S. Department of Health and Human Services Agency for Healthcare Research and Quality's Social Determinants of Health Database. Data reflects the 5-year estimate ending with the indicated year.","2020","Economic Context"
"Median.Home.Value","Median home value of owner-occupied housing units (dollars)","U.S. Census Bureau American Community Survey 5-Year Estimates","https://www.census.gov/data/developers/data-sets/acs-5year.html","Included data were obtained from the U.S. Department of Health and Human Services Agency for Healthcare Research and Quality's Social Determinants of Health Database. Data reflects the 5-year estimate ending with the indicated year.","2020","Economic Context"
"Median.Rent","Median gross rent (dollars)","U.S. Census Bureau American Community Survey 5-Year Estimates","https://www.census.gov/data/developers/data-sets/acs-5year.html","Included data were obtained from the U.S. Department of Health and Human Services Agency for Healthcare Research and Quality's Social Determinants of Health Database. Data reflects the 5-year estimate ending with the indicated year.","2020","Economic Context"
"Percent.Less.than.Highschool","Percentage of population with less than high school education (ages 25 and over)","U.S. Census Bureau American Community Survey 5-Year Estimates","https://www.census.gov/data/developers/data-sets/acs-5year.html","Included data were obtained from the U.S. Department of Health and Human Services Agency for Healthcare Research and Quality's Social Determinants of Health Database. Data reflects the 5-year estimate ending with the indicated year.","2020","Education"
"Percent.Highschool.Graduate","Percentage of population with only high school diploma (ages 25 and over)","U.S. Census Bureau American Community Survey 5-Year Estimates","https://www.census.gov/data/developers/data-sets/acs-5year.html","Included data were obtained from the U.S. Department of Health and Human Services Agency for Healthcare Research and Quality's Social Determinants of Health Database. Data reflects the 5-year estimate ending with the indicated year.","2020","Education"
"Percent.with.Associate.Degree","Percentage of population with some college or associate's degree (ages 25 and over)","U.S. Census Bureau American Community Survey 5-Year Estimates","https://www.census.gov/data/developers/data-sets/acs-5year.html","Included data were obtained from the U.S. Department of Health and Human Services Agency for Healthcare Research and Quality's Social Determinants of Health Database. Data reflects the 5-year estimate ending with the indicated year.","2020","Education"
"Percent.with.Bachelor.Degree","Percentage of population with a bachelor's degree (ages 25 and over)","U.S. Census Bureau American Community Survey 5-Year Estimates","https://www.census.gov/data/developers/data-sets/acs-5year.html","Included data were obtained from the U.S. Department of Health and Human Services Agency for Healthcare Research and Quality's Social Determinants of Health Database. Data reflects the 5-year estimate ending with the indicated year.","2020","Education"
"Percent.with.Graduate.Degree","Percentage of population with a master's or professional school degree or doctorate (ages 25 and over)","U.S. Census Bureau American Community Survey 5-Year Estimates","https://www.census.gov/data/developers/data-sets/acs-5year.html","Included data were obtained from the U.S. Department of Health and Human Services Agency for Healthcare Research and Quality's Social Determinants of Health Database. Data reflects the 5-year estimate ending with the indicated year.","2020","Education"
"Percent.Medicaid","Percentage of population with any Medicaid/means-tested public health insurance coverage","U.S. Census Bureau American Community Survey 5-Year Estimates","https://www.census.gov/data/developers/data-sets/acs-5year.html","Included data were obtained from the U.S. Department of Health and Human Services Agency for Healthcare Research and Quality's Social Determinants of Health Database. Data reflects the 5-year estimate ending with the indicated year.","2020","Healthcare Context"
"Percent.Medicare.Only","Percentage of population with Medicare only","U.S. Census Bureau American Community Survey 5-Year Estimates","https://www.census.gov/data/developers/data-sets/acs-5year.html","Included data were obtained from the U.S. Department of Health and Human Services Agency for Healthcare Research and Quality's Social Determinants of Health Database. Data reflects the 5-year estimate ending with the indicated year.","2020","Healthcare Context"
"Percent.Health.Insurance.Other","Percentage of population with other health insurance coverage combinations","U.S. Census Bureau American Community Survey 5-Year Estimates","https://www.census.gov/data/developers/data-sets/acs-5year.html","Included data were obtained from the U.S. Department of Health and Human Services Agency for Healthcare Research and Quality's Social Determinants of Health Database. Data reflects the 5-year estimate ending with the indicated year.","2020","Healthcare Context"
"Percent.No.Health.Insurance","Percentage of population with no health insurance coverage","U.S. Census Bureau American Community Survey 5-Year Estimates","https://www.census.gov/data/developers/data-sets/acs-5year.html","Included data were obtained from the U.S. Department of Health and Human Services Agency for Healthcare Research and Quality's Social Determinants of Health Database. Data reflects the 5-year estimate ending with the indicated year.","2020","Healthcare Context"
"Obesity.Rate","Obesity rate among adults aged >=18 years","Centers for Disease Control and Prevention","https://www.cdc.gov/places/","Included data were obtained from PLACES, a collaboration between the CDC, the Robert Wood Johnson Foundation, and the CDC Foundation.","2020","Healthcare Context"
"Diabetes.Rate","Diagnosed diabetes rate among adults aged >=18 years","Centers for Disease Control and Prevention","https://www.cdc.gov/places/","Included data were obtained from PLACES, a collaboration between the CDC, the Robert Wood Johnson Foundation, and the CDC Foundation.","2020","Healthcare Context"
"Binge.Drinking.Rate","Binge drinking rate among adults aged >=18 years","Centers for Disease Control and Prevention","https://www.cdc.gov/places/","Included data were obtained from PLACES, a collaboration between the CDC, the Robert Wood Johnson Foundation, and the CDC Foundation. The CDC defines binge drinking as consuming 5 or more drinks on an occasion for men or 4 or more drinks on an occasion for women.","2020","Healthcare Context"
"Smoking.Rate","Current smoking rate among adults aged >=18 years","Centers for Disease Control and Prevention","https://www.cdc.gov/places/","Included data were obtained from PLACES, a collaboration between the CDC, the Robert Wood Johnson Foundation, and the CDC Foundation.","2020","Healthcare Context"
"Depression.Rate","Depression rate among adults aged >=18 years","Centers for Disease Control and Prevention","https://www.cdc.gov/places/","Included data were obtained from PLACES, a collaboration between the CDC, the Robert Wood Johnson Foundation, and the CDC Foundation.","2020","Healthcare Context"
"Anxiety.Disorders.Rate.Medicare","Prevalence of anxiety disorders among Medicare (dual and non-dual) beneficiaries","U.S. Department of Health and Human Services, Office of Minority Health, Centers for Medicare & Medicaid Services (CMS)","https://data.cms.gov/tools/mapping-medicare-disparities-by-population","Included data were obtained from the U.S. Department of Health and Human Services Agency for Healthcare Research and Quality's Social Determinants of Health Database. The SDOH database compiles data from many departments and organizations. The indicated year refers to the SDOH release; however, for some variables SDOH data may reflect a previous year due to idiosyncratic release schedules. For full information on SDOH variables, refer to https://www.ahrq.gov/sdoh/data-analytics/sdoh-data.html.","2020","Healthcare Context"
"Bipolar.Disorder.Rate.Medicare","Prevalence of bipolar disorder among Medicare (dual and non-dual) beneficiaries","U.S. Department of Health and Human Services, Office of Minority Health, Centers for Medicare & Medicaid Services (CMS)","https://data.cms.gov/tools/mapping-medicare-disparities-by-population","Included data were obtained from the U.S. Department of Health and Human Services Agency for Healthcare Research and Quality's Social Determinants of Health Database. The SDOH database compiles data from many departments and organizations. The indicated year refers to the SDOH release; however, for some variables SDOH data may reflect a previous year due to idiosyncratic release schedules. For full information on SDOH variables, refer to https://www.ahrq.gov/sdoh/data-analytics/sdoh-data.html.","2020","Healthcare Context"
"Depressive.Disorders.Rate.Medicare","Prevalence of depressive disorders among Medicare (dual and non-dual) beneficiaries","U.S. Department of Health and Human Services, Office of Minority Health, Centers for Medicare & Medicaid Services (CMS)","https://data.cms.gov/tools/mapping-medicare-disparities-by-population","Included data were obtained from the U.S. Department of Health and Human Services Agency for Healthcare Research and Quality's Social Determinants of Health Database. The SDOH database compiles data from many departments and organizations. The indicated year refers to the SDOH release; however, for some variables SDOH data may reflect a previous year due to idiosyncratic release schedules. For full information on SDOH variables, refer to https://www.ahrq.gov/sdoh/data-analytics/sdoh-data.html.","2020","Healthcare Context"
"Personality.Disorders.Rate.Medicare","Prevalence of personality disorders among Medicare (dual and non-dual) beneficiaries","U.S. Department of Health and Human Services, Office of Minority Health, Centers for Medicare & Medicaid Services (CMS)","https://data.cms.gov/tools/mapping-medicare-disparities-by-population","Included data were obtained from the U.S. Department of Health and Human Services Agency for Healthcare Research and Quality's Social Determinants of Health Database. The SDOH database compiles data from many departments and organizations. The indicated year refers to the SDOH release; however, for some variables SDOH data may reflect a previous year due to idiosyncratic release schedules. For full information on SDOH variables, refer to https://www.ahrq.gov/sdoh/data-analytics/sdoh-data.html.","2020","Healthcare Context"
"Opioid.Overuse.Disorder.Rate.Medicare","Prevalence of the overarching Opioid Use Disorder (OUD) indicator among Medicare (dual and non-dual) beneficiaries","U.S. Department of Health and Human Services, Office of Minority Health, Centers for Medicare & Medicaid Services (CMS)","https://data.cms.gov/tools/mapping-medicare-disparities-by-population","Included data were obtained from the U.S. Department of Health and Human Services Agency for Healthcare Research and Quality's Social Determinants of Health Database. The SDOH database compiles data from many departments and organizations. The indicated year refers to the SDOH release; however, for some variables SDOH data may reflect a previous year due to idiosyncratic release schedules. For full information on SDOH variables, refer to https://www.ahrq.gov/sdoh/data-analytics/sdoh-data.html.","2020","Healthcare Context"
"Birth.Defects.per.10k","Rate of birth defects per 10,000 live births","Texas Department of State Health Services","https://healthdata.dshs.texas.gov/dashboard/births-and-deaths/birth-defects","","2017","Healthcare Context"
"Deaths.from.Injury.per.100k","Total number of deaths from injury per 100,000 population","Centers for Disease Control and Prevention Wide-ranging Online Data for Epidemiologic Research (CDCW)","https://wonder.cdc.gov/","Included data were obtained from the U.S. Department of Health and Human Services Agency for Healthcare Research and Quality's Social Determinants of Health Database. The SDOH database compiles data from many departments and organizations. The indicated year refers to the SDOH release; however, for some variables SDOH data may reflect a previous year due to idiosyncratic release schedules. For full information on SDOH variables, refer to https://www.ahrq.gov/sdoh/data-analytics/sdoh-data.html.","2020","Healthcare Context"
"Deaths.from.Transport.Accident.per.100k","Total number of deaths from transport accidents per 100,000 population","Centers for Disease Control and Prevention Wide-ranging Online Data for Epidemiologic Research (CDCW)","https://wonder.cdc.gov/","Included data were obtained from the U.S. Department of Health and Human Services Agency for Healthcare Research and Quality's Social Determinants of Health Database. The SDOH database compiles data from many departments and organizations. The indicated year refers to the SDOH release; however, for some variables SDOH data may reflect a previous year due to idiosyncratic release schedules. For full information on SDOH variables, refer to https://www.ahrq.gov/sdoh/data-analytics/sdoh-data.html.","2020","Healthcare Context"
"Deaths.from.Suicide.per.100k","Total number of deaths from intentional self harm per 100,000 population","Centers for Disease Control and Prevention Wide-ranging Online Data for Epidemiologic Research (CDCW)","https://wonder.cdc.gov/","Included data were obtained from the U.S. Department of Health and Human Services Agency for Healthcare Research and Quality's Social Determinants of Health Database. The SDOH database compiles data from many departments and organizations. The indicated year refers to the SDOH release; however, for some variables SDOH data may reflect a previous year due to idiosyncratic release schedules. For full information on SDOH variables, refer to https://www.ahrq.gov/sdoh/data-analytics/sdoh-data.html.","2020","Healthcare Context"
"Deaths.from.Assault.per.100k","Total number of deaths from assault per 100,000 population","Centers for Disease Control and Prevention Wide-ranging Online Data for Epidemiologic Research (CDCW)","https://wonder.cdc.gov/","Included data were obtained from the U.S. Department of Health and Human Services Agency for Healthcare Research and Quality's Social Determinants of Health Database. The SDOH database compiles data from many departments and organizations. The indicated year refers to the SDOH release; however, for some variables SDOH data may reflect a previous year due to idiosyncratic release schedules. For full information on SDOH variables, refer to https://www.ahrq.gov/sdoh/data-analytics/sdoh-data.html.","2020","Healthcare Context"
"Accidental.Deaths.by.Benzodiazepines.per.100k","Accidental deaths attributed to benzodiazepines per 100,000 people.","Texas Department of State Health Services","https://www.dshs.texas.gov/vital-statistics-data","Rates are calculated based on the deceased's county of residence. Details related to substance types are available at https://healthdata.dshs.texas.gov/dashboard/drugs-and-alcohol/opioids/drug-related-deaths.","2020","Healthcare Context"
"Accidental.Deaths.by.Cannabis.per.100k","Accidental deaths attributed to cannabis per 100,000 people.","Texas Department of State Health Services","https://www.dshs.texas.gov/vital-statistics-data","Rates are calculated based on the deceased's county of residence. Details related to substance types are available at https://healthdata.dshs.texas.gov/dashboard/drugs-and-alcohol/opioids/drug-related-deaths.","2020","Healthcare Context"
"Accidental.Deaths.by.Cocaine.per.100k","Accidental deaths attributed to cocaine per 100,000 people.","Texas Department of State Health Services","https://www.dshs.texas.gov/vital-statistics-data","Rates are calculated based on the deceased's county of residence. Details related to substance types are available at https://healthdata.dshs.texas.gov/dashboard/drugs-and-alcohol/opioids/drug-related-deaths.","2020","Healthcare Context"
"Accidental.Deaths.by.Heroin.per.100k","Accidental deaths attributed to heroin per 100,000 people.","Texas Department of State Health Services","https://www.dshs.texas.gov/vital-statistics-data","Rates are calculated based on the deceased's county of residence. Details related to substance types are available at https://healthdata.dshs.texas.gov/dashboard/drugs-and-alcohol/opioids/drug-related-deaths.","2020","Healthcare Context"
"Accidental.Deaths.by.Methadone.per.100k","Accidental deaths attributed to methadone per 100,000 people.","Texas Department of State Health Services","https://www.dshs.texas.gov/vital-statistics-data","Rates are calculated based on the deceased's county of residence. Details related to substance types are available at https://healthdata.dshs.texas.gov/dashboard/drugs-and-alcohol/opioids/drug-related-deaths.","2020","Healthcare Context"
"Accidental.Deaths.by.Opioids.per.100k","Accidental deaths attributed to opioids per 100,000 people.","Texas Department of State Health Services","https://www.dshs.texas.gov/vital-statistics-data","Rates are calculated based on the deceased's county of residence. Details related to substance types are available at https://healthdata.dshs.texas.gov/dashboard/drugs-and-alcohol/opioids/drug-related-deaths.","2020","Healthcare Context"
"Accidental.Deaths.by.Other.Narcotics.per.100k","Accidental deaths attributed to other narcotics per 100,000 people.","Texas Department of State Health Services","https://www.dshs.texas.gov/vital-statistics-data","Rates are calculated based on the deceased's county of residence. Details related to substance types are available at https://healthdata.dshs.texas.gov/dashboard/drugs-and-alcohol/opioids/drug-related-deaths.","2020","Healthcare Context"
"Accidental.Deaths.by.Other.Opioids.per.100k","Accidental deaths attributed to other opioids per 100,000 people.","Texas Department of State Health Services","https://www.dshs.texas.gov/vital-statistics-data","Rates are calculated based on the deceased's county of residence. Details related to substance types are available at https://healthdata.dshs.texas.gov/dashboard/drugs-and-alcohol/opioids/drug-related-deaths.","2020","Healthcare Context"
"Accidental.Deaths.by.Psychostimulants.per.100k","Accidental deaths attributed to psychostimulants per 100,000 people.","Texas Department of State Health Services","https://www.dshs.texas.gov/vital-statistics-data","Rates are calculated based on the deceased's county of residence. Details related to substance types are available at https://healthdata.dshs.texas.gov/dashboard/drugs-and-alcohol/opioids/drug-related-deaths.","2020","Healthcare Context"
"Accidental.Deaths.by.Pyschotropics.per.100k","Accidental deaths attributed to pyschotropics per 100,000 people.","Texas Department of State Health Services","https://www.dshs.texas.gov/vital-statistics-data","Rates are calculated based on the deceased's county of residence. Details related to substance types are available at https://healthdata.dshs.texas.gov/dashboard/drugs-and-alcohol/opioids/drug-related-deaths.","2020","Healthcare Context"
"Accidental.Deaths.by.Synthetics.per.100k","Accidental deaths attributed to synthetics per 100,000 people.","Texas Department of State Health Services","https://www.dshs.texas.gov/vital-statistics-data","Rates are calculated based on the deceased's county of residence. Details related to substance types are available at https://healthdata.dshs.texas.gov/dashboard/drugs-and-alcohol/opioids/drug-related-deaths.","2020","Healthcare Context"
"Maternal.Deaths.per.100k","Total number of maternal deaths per 100,000 population","Centers for Disease Control and Prevention Wide-ranging Online Data for Epidemiologic Research (CDCW)","https://wonder.cdc.gov/","Included data were obtained from the U.S. Department of Health and Human Services Agency for Healthcare Research and Quality's Social Determinants of Health Database. The SDOH database compiles data from many departments and organizations. The indicated year refers to the SDOH release; however, for some variables SDOH data may reflect a previous year due to idiosyncratic release schedules. For full information on SDOH variables, refer to https://www.ahrq.gov/sdoh/data-analytics/sdoh-data.html.","2020","Healthcare Context"
"Opioid.Overdose.Deaths.per.100k","Total number of drug overdose deaths involving any opioid per 100,000 population","Centers for Disease Control and Prevention Wide-ranging Online Data for Epidemiologic Research (CDCW)","https://wonder.cdc.gov/","Included data were obtained from the U.S. Department of Health and Human Services Agency for Healthcare Research and Quality's Social Determinants of Health Database. The SDOH database compiles data from many departments and organizations. The indicated year refers to the SDOH release; however, for some variables SDOH data may reflect a previous year due to idiosyncratic release schedules. For full information on SDOH variables, refer to https://www.ahrq.gov/sdoh/data-analytics/sdoh-data.html.","2020","Healthcare Context"
"Drug.Poisoning.Deaths.per.100k","Total number of drug poisoning deaths per 100,000 population","Centers for Disease Control and Prevention Wide-ranging Online Data for Epidemiologic Research (CDCW)","https://wonder.cdc.gov/","Included data were obtained from the U.S. Department of Health and Human Services Agency for Healthcare Research and Quality's Social Determinants of Health Database. The SDOH database compiles data from many departments and organizations. The indicated year refers to the SDOH release; however, for some variables SDOH data may reflect a previous year due to idiosyncratic release schedules. For full information on SDOH variables, refer to https://www.ahrq.gov/sdoh/data-analytics/sdoh-data.html.","2020","Healthcare Context"
"Opioid.Dispensing.Rate.per.100","Number of opioid prescriptions per 100 population","Centers for Disease Control","https://www.cdc.gov/drugoverdose/rxrate-maps/index.html","In this context, the CDC defines a prescription as a new or refill prescription dispensed at a retail pharmacy in the sample and paid for by commercial insurance, Medicaid, Medicare, cash or its equivalent, and other third-party coverage. Mail order prescriptions are not included.","2020","Healthcare Context"
"HPSA.Primary.Care.Score","Health Professional Shortage Area Score developed by the National Health Service Corps (NHSC) in determining priorities for assignment of clinicians. The scores range from 0 to 26 where the higher the score, the greater the priority.","US Health Resources & Services Administration","https://data.hrsa.gov/tools/shortage-area/hpsa-find","Health Professional Shortage Areas are evaluated periodically. The year given here indicates the most recent evaluation.","2022","Healthcare Context"
"HPSA.Primary.Care.FTE.Short","The number of full-time equivalent (FTE) primary_care health practitioners needed to achieve the population to practitioner target ratio set by the Health Resources & Services Administration.","US Health Resources & Services Administration","https://data.hrsa.gov/tools/shortage-area/hpsa-find","Health Professional Shortage Areas are evaluated periodically. The year given here indicates the most recent evaluation.","2022","Healthcare Context"
"HPSA.Mental.FTE.Short","The number of full-time equivalent (FTE) mental health practitioners needed to achieve the population to practitioner target ratio set by the Health Resources & Services Administration.","US Health Resources & Services Administration","https://data.hrsa.gov/tools/shortage-area/hpsa-find","Health Professional Shortage Areas are evaluated periodically. The year given here indicates the most recent evaluation.","2023","Healthcare Context"
"HPSA.Mental.Score","Health Professional Shortage Area Score developed by the National Health Service Corps (NHSC) in determining priorities for assignment of clinicians. The scores range from 0 to 26 where the higher the score, the greater the priority.","US Health Resources & Services Administration","https://data.hrsa.gov/tools/shortage-area/hpsa-find","Health Professional Shortage Areas are evaluated periodically. The year given here indicates the most recent evaluation.","2023","Healthcare Context"
"PCPs.per.100k","Primary care physicians per 100,000 people.","Texas Department of State Health Services","https://healthdata.dshs.texas.gov/dashboard/health-care-workforce/hprc/health-profession-supply","","2022","Healthcare Context"
"Nurse.Practitioners.per.100k","Total number of nurse practitioners with NPI per 100k population","U.S. Department of Health and Human Services Area Health Resource Files","https://data.hrsa.gov/topics/health-workforce/ahrf","Included data were obtained from the U.S. Department of Health and Human Services Agency for Healthcare Research and Quality's Social Determinants of Health Database. The SDOH database compiles data from many departments and organizations. The indicated year refers to the SDOH release; however, for some variables SDOH data may reflect a previous year due to idiosyncratic release schedules. For full information on SDOH variables, refer to https://www.ahrq.gov/sdoh/data-analytics/sdoh-data.html.","2020","Healthcare Context"
"Physician.Assistants.per.100k","Total number of physician assistants with NPI per 100k population","U.S. Department of Health and Human Services Area Health Resource Files","https://data.hrsa.gov/topics/health-workforce/ahrf","Included data were obtained from the U.S. Department of Health and Human Services Agency for Healthcare Research and Quality's Social Determinants of Health Database. The SDOH database compiles data from many departments and organizations. The indicated year refers to the SDOH release; however, for some variables SDOH data may reflect a previous year due to idiosyncratic release schedules. For full information on SDOH variables, refer to https://www.ahrq.gov/sdoh/data-analytics/sdoh-data.html.","2020","Healthcare Context"
"Dentists.per.100k","Dentists per 100,000 people.","Texas Department of State Health Services","https://healthdata.dshs.texas.gov/dashboard/health-care-workforce/hprc/health-profession-supply","","2022","Healthcare Context"
"LCDCs.per.100k","Licensed chemical dependency counselors per 100,000 people.","Texas Department of State Health Services","https://healthdata.dshs.texas.gov/dashboard/health-care-workforce/hprc/health-profession-supply","","2022","Healthcare Context"
"LPCs.per.100k","Licensed professional counselors per 100,000 people.","Texas Department of State Health Services","https://healthdata.dshs.texas.gov/dashboard/health-care-workforce/hprc/health-profession-supply","","2022","Healthcare Context"
"LCSWs.per.100k","Licensed clinical social workers per 100,000 people.","Texas Department of State Health Services","https://healthdata.dshs.texas.gov/dashboard/health-care-workforce/hprc/health-profession-supply","","2022","Healthcare Context"
"Psychiatrists.per.100k","Psychiatrists per 100,000 people.","Texas Department of State Health Services","https://healthdata.dshs.texas.gov/dashboard/health-care-workforce/hprc/health-profession-supply","","2022","Healthcare Context"
"Mental.Health.Providers.per.100k","Total number of mental health care providers per 100,000 population","University of Wisconsin Population Health Institute and the Robert Wood Johnson Foundation's County Health Rankings (CHR)","https://uwphi.pophealth.wisc.edu/chrr/","Included data were obtained from the U.S. Department of Health and Human Services Agency for Healthcare Research and Quality's Social Determinants of Health Database. The SDOH database compiles data from many departments and organizations. The indicated year refers to the SDOH release; however, for some variables SDOH data may reflect a previous year due to idiosyncratic release schedules. For full information on SDOH variables, refer to https://www.ahrq.gov/sdoh/data-analytics/sdoh-data.html.","2020","Healthcare Context"
"Urgent.Care.Orgs.per.100k","Total number of urgent care organizations per 100k population","U.S. Department of Homeland Security","https://hifld-geoplatform.opendata.arcgis.com/datasets/urgent-care-facilities/explore","Included data were obtained from the U.S. Department of Health and Human Services Agency for Healthcare Research and Quality's Social Determinants of Health Database. The SDOH database compiles data from many departments and organizations. The indicated year refers to the SDOH release; however, for some variables SDOH data may reflect a previous year due to idiosyncratic release schedules. For full information on SDOH variables, refer to https://www.ahrq.gov/sdoh/data-analytics/sdoh-data.html.","2020","Healthcare Context"
"Health.Centers.per.100k","Total number of Federally Qualified Health Centers (FQHCs) per 100k population","U.S. Department of Health and Human Services, Centers for Medicare & Medicaid Services","https://www.cms.gov/Research-Statistics-Data-and-Systems/Downloadable-Public-Use-Files/Provider-of-Services","Included data were obtained from the U.S. Department of Health and Human Services Agency for Healthcare Research and Quality's Social Determinants of Health Database. The SDOH database compiles data from many departments and organizations. The indicated year refers to the SDOH release; however, for some variables SDOH data may reflect a previous year due to idiosyncratic release schedules. For full information on SDOH variables, refer to https://www.ahrq.gov/sdoh/data-analytics/sdoh-data.html.","2020","Healthcare Context"
"Community.Mental.Health.Centers.per.100k","Total number of Community Mental Health Centers per 100k population","U.S. Department of Health and Human Services, Centers for Medicare & Medicaid Services","https://www.cms.gov/Research-Statistics-Data-and-Systems/Downloadable-Public-Use-Files/Provider-of-Services","Included data were obtained from the U.S. Department of Health and Human Services Agency for Healthcare Research and Quality's Social Determinants of Health Database. The SDOH database compiles data from many departments and organizations. The indicated year refers to the SDOH release; however, for some variables SDOH data may reflect a previous year due to idiosyncratic release schedules. For full information on SDOH variables, refer to https://www.ahrq.gov/sdoh/data-analytics/sdoh-data.html.","2020","Healthcare Context"
"Rural.Health.Clinics.per.100k","Total number of Rural Health Clinics (RHCs) per 100k population","U.S. Department of Health and Human Services, Centers for Medicare & Medicaid Services","https://www.cms.gov/Research-Statistics-Data-and-Systems/Downloadable-Public-Use-Files/Provider-of-Services","Included data were obtained from the U.S. Department of Health and Human Services Agency for Healthcare Research and Quality's Social Determinants of Health Database. The SDOH database compiles data from many departments and organizations. The indicated year refers to the SDOH release; however, for some variables SDOH data may reflect a previous year due to idiosyncratic release schedules. For full information on SDOH variables, refer to https://www.ahrq.gov/sdoh/data-analytics/sdoh-data.html.","2020","Healthcare Context"
"Home.Health.Agencies.per.100k","Total number of home health agencies per 100k population","U.S. Department of Health and Human Services, Centers for Medicare & Medicaid Services","https://www.cms.gov/Research-Statistics-Data-and-Systems/Downloadable-Public-Use-Files/Provider-of-Services","Included data were obtained from the U.S. Department of Health and Human Services Agency for Healthcare Research and Quality's Social Determinants of Health Database. The SDOH database compiles data from many departments and organizations. The indicated year refers to the SDOH release; however, for some variables SDOH data may reflect a previous year due to idiosyncratic release schedules. For full information on SDOH variables, refer to https://www.ahrq.gov/sdoh/data-analytics/sdoh-data.html.","2020","Healthcare Context"
"Hospices.per.100k","Total number of hospices per 100k population","U.S. Department of Health and Human Services, Centers for Medicare & Medicaid Services","https://www.cms.gov/Research-Statistics-Data-and-Systems/Downloadable-Public-Use-Files/Provider-of-Services","Included data were obtained from the U.S. Department of Health and Human Services Agency for Healthcare Research and Quality's Social Determinants of Health Database. The SDOH database compiles data from many departments and organizations. The indicated year refers to the SDOH release; however, for some variables SDOH data may reflect a previous year due to idiosyncratic release schedules. For full information on SDOH variables, refer to https://www.ahrq.gov/sdoh/data-analytics/sdoh-data.html.","2020","Healthcare Context"
"Nursing.Facilities.per.100k","Total number of nursing facilities per 100k population","U.S. Department of Health and Human Services, Centers for Medicare & Medicaid Services","https://www.cms.gov/Research-Statistics-Data-and-Systems/Downloadable-Public-Use-Files/Provider-of-Services","Included data were obtained from the U.S. Department of Health and Human Services Agency for Healthcare Research and Quality's Social Determinants of Health Database. The SDOH database compiles data from many departments and organizations. The indicated year refers to the SDOH release; however, for some variables SDOH data may reflect a previous year due to idiosyncratic release schedules. For full information on SDOH variables, refer to https://www.ahrq.gov/sdoh/data-analytics/sdoh-data.html.","2020","Healthcare Context"
"Nursing.Facility.Beds.per.100k","Total number of nursing facility certified beds per 100k population","U.S. Department of Health and Human Services, Centers for Medicare & Medicaid Services","https://www.cms.gov/Research-Statistics-Data-and-Systems/Downloadable-Public-Use-Files/Provider-of-Services","Included data were obtained from the U.S. Department of Health and Human Services Agency for Healthcare Research and Quality's Social Determinants of Health Database. The SDOH database compiles data from many departments and organizations. The indicated year refers to the SDOH release; however, for some variables SDOH data may reflect a previous year due to idiosyncratic release schedules. For full information on SDOH variables, refer to https://www.ahrq.gov/sdoh/data-analytics/sdoh-data.html.","2020","Healthcare Context"
"Skilled.Nursing.Facilities.per.100k","Total number of skilled nursing facilities per 100k population","U.S. Department of Health and Human Services, Centers for Medicare & Medicaid Services","https://www.cms.gov/Research-Statistics-Data-and-Systems/Downloadable-Public-Use-Files/Provider-of-Services","Included data were obtained from the U.S. Department of Health and Human Services Agency for Healthcare Research and Quality's Social Determinants of Health Database. The SDOH database compiles data from many departments and organizations. The indicated year refers to the SDOH release; however, for some variables SDOH data may reflect a previous year due to idiosyncratic release schedules. For full information on SDOH variables, refer to https://www.ahrq.gov/sdoh/data-analytics/sdoh-data.html.","2020","Healthcare Context"
"Skilled.Nursing.Facility.Beds.per.100k","Total number of skilled nursing facility certified beds per 100k population","U.S. Department of Health and Human Services, Centers for Medicare & Medicaid Services","https://www.cms.gov/Research-Statistics-Data-and-Systems/Downloadable-Public-Use-Files/Provider-of-Services","Included data were obtained from the U.S. Department of Health and Human Services Agency for Healthcare Research and Quality's Social Determinants of Health Database. The SDOH database compiles data from many departments and organizations. The indicated year refers to the SDOH release; however, for some variables SDOH data may reflect a previous year due to idiosyncratic release schedules. For full information on SDOH variables, refer to https://www.ahrq.gov/sdoh/data-analytics/sdoh-data.html.","2020","Healthcare Context"
"Mental.Health.Facilities.per.1k","Total number of facilities that provide mental health services per 100k population","amfAR, The Foundation for AIDS Research","https://www.amfar.org/","Included data were obtained from the U.S. Department of Health and Human Services Agency for Healthcare Research and Quality's Social Determinants of Health Database. The SDOH database compiles data from many departments and organizations. The indicated year refers to the SDOH release; however, for some variables SDOH data may reflect a previous year due to idiosyncratic release schedules. For full information on SDOH variables, refer to https://www.ahrq.gov/sdoh/data-analytics/sdoh-data.html.","2020","Healthcare Context"
"Mental.Health.Facilities.Accepting.Medicare.per.1k","Total number of facilities that provide mental health services and accept Medicaid per 100k population","amfAR, The Foundation for AIDS Research","https://www.amfar.org/","Included data were obtained from the U.S. Department of Health and Human Services Agency for Healthcare Research and Quality's Social Determinants of Health Database. The SDOH database compiles data from many departments and organizations. The indicated year refers to the SDOH release; however, for some variables SDOH data may reflect a previous year due to idiosyncratic release schedules. For full information on SDOH variables, refer to https://www.ahrq.gov/sdoh/data-analytics/sdoh-data.html.","2020","Healthcare Context"
"Percent.Clinicians.Accepting.Medicaid","Percentage of clinicians who accept Medicare Approved Amounts in full","U.S. Department of Health and Human Services, Centers for Medicare & Medicaid Services","https://data.cms.gov/provider-data/archived-data/doctors-clinicians","Included data were obtained from the U.S. Department of Health and Human Services Agency for Healthcare Research and Quality's Social Determinants of Health Database. The SDOH database compiles data from many departments and organizations. The indicated year refers to the SDOH release; however, for some variables SDOH data may reflect a previous year due to idiosyncratic release schedules. For full information on SDOH variables, refer to https://www.ahrq.gov/sdoh/data-analytics/sdoh-data.html.","2020","Healthcare Context"
"Percent.Nursing.Homes.For.Profit","Percentage of nursing homes that are for-profit","National Institute on Aging through a cooperative agreement with the Brown University School of Public Health","https://ltcfocus.org/","Included data were obtained from the U.S. Department of Health and Human Services Agency for Healthcare Research and Quality's Social Determinants of Health Database. The SDOH database compiles data from many departments and organizations. The indicated year refers to the SDOH release; however, for some variables SDOH data may reflect a previous year due to idiosyncratic release schedules. For full information on SDOH variables, refer to https://www.ahrq.gov/sdoh/data-analytics/sdoh-data.html.","2020","Healthcare Context"
"Percent.Nursing.Homes.Chain","Percentage of nursing homes that are owned or leased by a multi-facility (chain) organization","National Institute on Aging through a cooperative agreement with the Brown University School of Public Health","https://ltcfocus.org/","Included data were obtained from the U.S. Department of Health and Human Services Agency for Healthcare Research and Quality's Social Determinants of Health Database. The SDOH database compiles data from many departments and organizations. The indicated year refers to the SDOH release; however, for some variables SDOH data may reflect a previous year due to idiosyncratic release schedules. For full information on SDOH variables, refer to https://www.ahrq.gov/sdoh/data-analytics/sdoh-data.html.","2020","Healthcare Context"
"Percent.Hospitals.Private.For.Profit","Percentage of hospitals that are private for-profit hospitals","U.S. Department of Health and Human Services, Centers for Medicare & Medicaid Services","https://www.cms.gov/Research-Statistics-Data-and-Systems/Downloadable-Public-Use-Files/Provider-of-Services","Included data were obtained from the U.S. Department of Health and Human Services Agency for Healthcare Research and Quality's Social Determinants of Health Database. The SDOH database compiles data from many departments and organizations. The indicated year refers to the SDOH release; however, for some variables SDOH data may reflect a previous year due to idiosyncratic release schedules. For full information on SDOH variables, refer to https://www.ahrq.gov/sdoh/data-analytics/sdoh-data.html.","2020","Healthcare Context"
"Percent.Hospitals.Non.Profit","Percentage of hospitals that are private not-for-profit hospitals","U.S. Department of Health and Human Services, Centers for Medicare & Medicaid Services","https://www.cms.gov/Research-Statistics-Data-and-Systems/Downloadable-Public-Use-Files/Provider-of-Services","Included data were obtained from the U.S. Department of Health and Human Services Agency for Healthcare Research and Quality's Social Determinants of Health Database. The SDOH database compiles data from many departments and organizations. The indicated year refers to the SDOH release; however, for some variables SDOH data may reflect a previous year due to idiosyncratic release schedules. For full information on SDOH variables, refer to https://www.ahrq.gov/sdoh/data-analytics/sdoh-data.html.","2020","Healthcare Context"
"Percent.Hospitals.Government","Percentage of hospitals that are government (federal, state, local, district) hospitals","U.S. Department of Health and Human Services, Centers for Medicare & Medicaid Services","https://www.cms.gov/Research-Statistics-Data-and-Systems/Downloadable-Public-Use-Files/Provider-of-Services","Included data were obtained from the U.S. Department of Health and Human Services Agency for Healthcare Research and Quality's Social Determinants of Health Database. The SDOH database compiles data from many departments and organizations. The indicated year refers to the SDOH release; however, for some variables SDOH data may reflect a previous year due to idiosyncratic release schedules. For full information on SDOH variables, refer to https://www.ahrq.gov/sdoh/data-analytics/sdoh-data.html.","2020","Healthcare Context"
"Nursing.Home.Occupancy.Rate","Total nursing home occupancy rate in the county","National Institute on Aging through a cooperative agreement with the Brown University School of Public Health","https://ltcfocus.org/","Included data were obtained from the U.S. Department of Health and Human Services Agency for Healthcare Research and Quality's Social Determinants of Health Database. The SDOH database compiles data from many departments and organizations. The indicated year refers to the SDOH release; however, for some variables SDOH data may reflect a previous year due to idiosyncratic release schedules. For full information on SDOH variables, refer to https://www.ahrq.gov/sdoh/data-analytics/sdoh-data.html.","2020","Healthcare Context"
"Median.Distance.to.Urgent.Care","Median distance in miles to the nearest urgent care, calculated using population weighted tract centroids in the county","U.S. Department of Homeland Security","https://hifld-geoplatform.opendata.arcgis.com/datasets/urgent-care-facilities/explore","Included data were obtained from the U.S. Department of Health and Human Services Agency for Healthcare Research and Quality's Social Determinants of Health Database. The SDOH database compiles data from many departments and organizations. The indicated year refers to the SDOH release; however, for some variables SDOH data may reflect a previous year due to idiosyncratic release schedules. For full information on SDOH variables, refer to https://www.ahrq.gov/sdoh/data-analytics/sdoh-data.html.","2020","Healthcare Context"
"Median.Distance.to.Emergency.Department","Median distance in miles to the nearest emergency department, calculated using population weighted tract centroids in the county","U.S. Department of Health and Human Services, Centers for Medicare & Medicaid Services","https://www.cms.gov/Research-Statistics-Data-and-Systems/Downloadable-Public-Use-Files/Provider-of-Services","Included data were obtained from the U.S. Department of Health and Human Services Agency for Healthcare Research and Quality's Social Determinants of Health Database. The SDOH database compiles data from many departments and organizations. The indicated year refers to the SDOH release; however, for some variables SDOH data may reflect a previous year due to idiosyncratic release schedules. For full information on SDOH variables, refer to https://www.ahrq.gov/sdoh/data-analytics/sdoh-data.html.","2020","Healthcare Context"
"Median.Distance.to.Medical.Surgical.ICU","Median distance in miles to the nearest medical-surgical ICU, calculated using population weighted tract centroids in the county","U.S. Department of Health and Human Services, Centers for Medicare & Medicaid Services","https://www.cms.gov/Research-Statistics-Data-and-Systems/Downloadable-Public-Use-Files/Provider-of-Services","Included data were obtained from the U.S. Department of Health and Human Services Agency for Healthcare Research and Quality's Social Determinants of Health Database. The SDOH database compiles data from many departments and organizations. The indicated year refers to the SDOH release; however, for some variables SDOH data may reflect a previous year due to idiosyncratic release schedules. For full information on SDOH variables, refer to https://www.ahrq.gov/sdoh/data-analytics/sdoh-data.html.","2020","Healthcare Context"
"Median.Distance.to.Trauma.Center","Median distance in miles to the nearest designated trauma center, calculated using population weighted tract centroids in the county","U.S. Department of Health and Human Services, Centers for Medicare & Medicaid Services","https://www.cms.gov/Research-Statistics-Data-and-Systems/Downloadable-Public-Use-Files/Provider-of-Services","Included data were obtained from the U.S. Department of Health and Human Services Agency for Healthcare Research and Quality's Social Determinants of Health Database. The SDOH database compiles data from many departments and organizations. The indicated year refers to the SDOH release; however, for some variables SDOH data may reflect a previous year due to idiosyncratic release schedules. For full information on SDOH variables, refer to https://www.ahrq.gov/sdoh/data-analytics/sdoh-data.html.","2020","Healthcare Context"
"Median.Distance.to.Pediatric.ICU","Median distance in miles to the nearest pediatric ICU, calculated using population weighted tract centroids in the county","U.S. Department of Health and Human Services, Centers for Medicare & Medicaid Services","https://www.cms.gov/Research-Statistics-Data-and-Systems/Downloadable-Public-Use-Files/Provider-of-Services","Included data were obtained from the U.S. Department of Health and Human Services Agency for Healthcare Research and Quality's Social Determinants of Health Database. The SDOH database compiles data from many departments and organizations. The indicated year refers to the SDOH release; however, for some variables SDOH data may reflect a previous year due to idiosyncratic release schedules. For full information on SDOH variables, refer to https://www.ahrq.gov/sdoh/data-analytics/sdoh-data.html.","2020","Healthcare Context"
"Median.Distance.to.Obstetrics.Department","Median distance in miles to the nearest obstetrics department, calculated using population weighted tract centroids in the county","U.S. Department of Health and Human Services, Centers for Medicare & Medicaid Services","https://www.cms.gov/Research-Statistics-Data-and-Systems/Downloadable-Public-Use-Files/Provider-of-Services","Included data were obtained from the U.S. Department of Health and Human Services Agency for Healthcare Research and Quality's Social Determinants of Health Database. The SDOH database compiles data from many departments and organizations. The indicated year refers to the SDOH release; however, for some variables SDOH data may reflect a previous year due to idiosyncratic release schedules. For full information on SDOH variables, refer to https://www.ahrq.gov/sdoh/data-analytics/sdoh-data.html.","2020","Healthcare Context"
"Median.Distance.to.Health.Clinic","Median distance in miles to the nearest health clinic (FQHC, RHC), calculated using population weighted tract centroids in the county","U.S. Department of Health and Human Services, Centers for Medicare & Medicaid Services","https://www.cms.gov/Research-Statistics-Data-and-Systems/Downloadable-Public-Use-Files/Provider-of-Services","Included data were obtained from the U.S. Department of Health and Human Services Agency for Healthcare Research and Quality's Social Determinants of Health Database. The SDOH database compiles data from many departments and organizations. The indicated year refers to the SDOH release; however, for some variables SDOH data may reflect a previous year due to idiosyncratic release schedules. For full information on SDOH variables, refer to https://www.ahrq.gov/sdoh/data-analytics/sdoh-data.html.","2020","Healthcare Context"
"Median.Distance.to.Alcohol.Drug.Incare","Median distance in miles to the nearest hospital with alcohol and drug abuse inpatient care, calculated using population weighted tract centroids in the county","U.S. Department of Health and Human Services, Centers for Medicare & Medicaid Services","https://www.cms.gov/Research-Statistics-Data-and-Systems/Downloadable-Public-Use-Files/Provider-of-Services","Included data were obtained from the U.S. Department of Health and Human Services Agency for Healthcare Research and Quality's Social Determinants of Health Database. The SDOH database compiles data from many departments and organizations. The indicated year refers to the SDOH release; however, for some variables SDOH data may reflect a previous year due to idiosyncratic release schedules. For full information on SDOH variables, refer to https://www.ahrq.gov/sdoh/data-analytics/sdoh-data.html.","2020","Healthcare Context"
"NCHS.Rural.Urban.Code","NCHS 2013 Rural-Urban Classification Scheme","National Center for Health Statistics","https://www.cdc.gov/nchs/data_access/urban_rural.htm","Included data were obtained from the U.S. Department of Health and Human Services Agency for Healthcare Research and Quality's Social Determinants of Health Database. The SDOH database compiles data from many departments and organizations. The indicated year refers to the SDOH release; however, for some variables SDOH data may reflect a previous year due to idiosyncratic release schedules. For full information on SDOH variables, refer to https://www.ahrq.gov/sdoh/data-analytics/sdoh-data.html.","2020","Physical Infrastructure"
"Percent.Households.No.Computer.Device","Percentage of households without a computing device","U.S. Census Bureau American Community Survey 5-Year Estimates","https://www.census.gov/data/developers/data-sets/acs-5year.html","Included data were obtained from the U.S. Department of Health and Human Services Agency for Healthcare Research and Quality's Social Determinants of Health Database. Data reflects the 5-year estimate ending with the indicated year.","2020","Physical Infrastructure"
"Percent.Households.Smartphone.Only","Percentage of households with a smartphone with no other type of computing device","U.S. Census Bureau American Community Survey 5-Year Estimates","https://www.census.gov/data/developers/data-sets/acs-5year.html","Included data were obtained from the U.S. Department of Health and Human Services Agency for Healthcare Research and Quality's Social Determinants of Health Database. Data reflects the 5-year estimate ending with the indicated year.","2020","Physical Infrastructure"
"Percent.Households.No.Internet","Percentage of households with no internet access","U.S. Census Bureau American Community Survey 5-Year Estimates","https://www.census.gov/data/developers/data-sets/acs-5year.html","Included data were obtained from the U.S. Department of Health and Human Services Agency for Healthcare Research and Quality's Social Determinants of Health Database. Data reflects the 5-year estimate ending with the indicated year.","2020","Physical Infrastructure"
"Percent.Commute.Less.than.15min","Percentage of workers with < 15-minute commute time (ages 16 and over)","U.S. Census Bureau American Community Survey 5-Year Estimates","https://www.census.gov/data/developers/data-sets/acs-5year.html","Included data were obtained from the U.S. Department of Health and Human Services Agency for Healthcare Research and Quality's Social Determinants of Health Database. Data reflects the 5-year estimate ending with the indicated year.","2020","Physical Infrastructure"
"Percent.Commute.15min.to.29min","Percentage of workers with 15- to 29-minute commute time (ages 16 and over)","U.S. Census Bureau American Community Survey 5-Year Estimates","https://www.census.gov/data/developers/data-sets/acs-5year.html","Included data were obtained from the U.S. Department of Health and Human Services Agency for Healthcare Research and Quality's Social Determinants of Health Database. Data reflects the 5-year estimate ending with the indicated year.","2020","Physical Infrastructure"
"Percent.Commute.30min.to.59min","Percentage of workers with 30- to 59-minute commute time (ages 16 and over)","U.S. Census Bureau American Community Survey 5-Year Estimates","https://www.census.gov/data/developers/data-sets/acs-5year.html","Included data were obtained from the U.S. Department of Health and Human Services Agency for Healthcare Research and Quality's Social Determinants of Health Database. Data reflects the 5-year estimate ending with the indicated year.","2020","Physical Infrastructure"
"Percent.Commute.60min.or.More","Percentage of workers with at least 60-minute commute time (ages 16 and over)","U.S. Census Bureau American Community Survey 5-Year Estimates","https://www.census.gov/data/developers/data-sets/acs-5year.html","Included data were obtained from the U.S. Department of Health and Human Services Agency for Healthcare Research and Quality's Social Determinants of Health Database. Data reflects the 5-year estimate ending with the indicated year.","2020","Physical Infrastructure"
"Percent.Housing.Units.No.Vehicle","Percentage of housing units with no vehicle available","U.S. Census Bureau American Community Survey 5-Year Estimates","https://www.census.gov/data/developers/data-sets/acs-5year.html","Included data were obtained from the U.S. Department of Health and Human Services Agency for Healthcare Research and Quality's Social Determinants of Health Database. Data reflects the 5-year estimate ending with the indicated year.","2020","Physical Infrastructure"
"Median.Age","Median age of total population","U.S. Census Bureau American Community Survey 5-Year Estimates","https://www.census.gov/data/developers/data-sets/acs-5year.html","Included data were obtained from the U.S. Department of Health and Human Services Agency for Healthcare Research and Quality's Social Determinants of Health Database. Data reflects the 5-year estimate ending with the indicated year.","2020","Social Context"
"Percent.Age.0.to.17","Percentage of population between ages 0-17","U.S. Census Bureau American Community Survey 5-Year Estimates","https://www.census.gov/data/developers/data-sets/acs-5year.html","Included data were obtained from the U.S. Department of Health and Human Services Agency for Healthcare Research and Quality's Social Determinants of Health Database. Data reflects the 5-year estimate ending with the indicated year.","2020","Social Context"
"Percent.Age.Over.65","Percentage of population ages 65 and over","U.S. Census Bureau American Community Survey 5-Year Estimates","https://www.census.gov/data/developers/data-sets/acs-5year.html","Included data were obtained from the U.S. Department of Health and Human Services Agency for Healthcare Research and Quality's Social Determinants of Health Database. Data reflects the 5-year estimate ending with the indicated year.","2020","Social Context"
"Percent.Asian","Percentage of population reporting Asian race alone","U.S. Census Bureau American Community Survey 5-Year Estimates","https://www.census.gov/data/developers/data-sets/acs-5year.html","Included data were obtained from the U.S. Department of Health and Human Services Agency for Healthcare Research and Quality's Social Determinants of Health Database. Data reflects the 5-year estimate ending with the indicated year.","2020","Social Context"
"Percent.Black","Percentage of population reporting Black or African American race alone","U.S. Census Bureau American Community Survey 5-Year Estimates","https://www.census.gov/data/developers/data-sets/acs-5year.html","Included data were obtained from the U.S. Department of Health and Human Services Agency for Healthcare Research and Quality's Social Determinants of Health Database. Data reflects the 5-year estimate ending with the indicated year.","2020","Social Context"
"Percent.Hispanic","Percentage of population reporting Hispanic ethnicity","U.S. Census Bureau American Community Survey 5-Year Estimates","https://www.census.gov/data/developers/data-sets/acs-5year.html","Included data were obtained from the U.S. Department of Health and Human Services Agency for Healthcare Research and Quality's Social Determinants of Health Database. Data reflects the 5-year estimate ending with the indicated year.","2020","Social Context"
"Percent.White","Percentage of non-Hispanic population reporting White race alone","U.S. Census Bureau American Community Survey 5-Year Estimates","https://www.census.gov/data/developers/data-sets/acs-5year.html","Included data were obtained from the U.S. Department of Health and Human Services Agency for Healthcare Research and Quality's Social Determinants of Health Database. Data reflects the 5-year estimate ending with the indicated year.","2020","Social Context"
"Percent.Households_Limited_English","Percentage of limited English speaking households","U.S. Census Bureau American Community Survey 5-Year Estimates","https://www.census.gov/data/developers/data-sets/acs-5year.html","Included data were obtained from the U.S. Department of Health and Human Services Agency for Healthcare Research and Quality's Social Determinants of Health Database. Data reflects the 5-year estimate ending with the indicated year.","2020","Social Context"
"Percent.Veteran","Percentage of the civilian population consisting of veterans (ages 18 and over)","U.S. Census Bureau American Community Survey 5-Year Estimates","https://www.census.gov/data/developers/data-sets/acs-5year.html","Included data were obtained from the U.S. Department of Health and Human Services Agency for Healthcare Research and Quality's Social Determinants of Health Database. Data reflects the 5-year estimate ending with the indicated year.","2020","Social Context"
