"County","Year","Race","Infant_Deaths"
"Anderson",2019,"Hispanic",NA
"Anderson",2019,"Black",0
"Anderson",2019,"Other",0
"Anderson",2019,"White",NA
"Andrews",2019,"Hispanic",NA
"Andrews",2019,"Black",0
"Andrews",2019,"Other",0
"Andrews",2019,"White",0
"Angelina",2019,"Hispanic",NA
"Angelina",2019,"Black",NA
"Angelina",2019,"Other",0
"Angelina",2019,"White",NA
"Aransas",2019,"Hispanic",NA
"Aransas",2019,"Black",0
"Aransas",2019,"Other",0
"Aransas",2019,"White",NA
"Atascosa",2019,"Hispanic",NA
"Atascosa",2019,"Black",0
"Atascosa",2019,"Other",0
"Atascosa",2019,"White",0
"Austin",2019,"Hispanic",NA
"Austin",2019,"Black",0
"Austin",2019,"Other",0
"Austin",2019,"White",NA
"Bastrop",2019,"Hispanic",NA
"Bastrop",2019,"Black",0
"Bastrop",2019,"Other",0
"Bastrop",2019,"White",NA
"Bee",2019,"Hispanic",NA
"Bee",2019,"Black",0
"Bee",2019,"Other",0
"Bee",2019,"White",NA
"Bell",2019,"Hispanic",NA
"Bell",2019,"Black",16
"Bell",2019,"Other",NA
"Bell",2019,"White",NA
"Bexar",2019,"Hispanic",111
"Bexar",2019,"Black",23
"Bexar",2019,"Other",NA
"Bexar",2019,"White",29
"Bowie",2019,"Hispanic",NA
"Bowie",2019,"Black",NA
"Bowie",2019,"Other",0
"Bowie",2019,"White",NA
"Brazoria",2019,"Hispanic",10
"Brazoria",2019,"Black",NA
"Brazoria",2019,"Other",NA
"Brazoria",2019,"White",NA
"Brazos",2019,"Hispanic",NA
"Brazos",2019,"Black",NA
"Brazos",2019,"Other",NA
"Brazos",2019,"White",10
"Brooks",2019,"Hispanic",NA
"Brooks",2019,"Black",0
"Brooks",2019,"Other",0
"Brooks",2019,"White",0
"Brown",2019,"Hispanic",NA
"Brown",2019,"Black",0
"Brown",2019,"Other",0
"Brown",2019,"White",0
"Burleson",2019,"Hispanic",0
"Burleson",2019,"Black",0
"Burleson",2019,"Other",0
"Burleson",2019,"White",NA
"Caldwell",2019,"Hispanic",NA
"Caldwell",2019,"Black",NA
"Caldwell",2019,"Other",0
"Caldwell",2019,"White",NA
"Calhoun",2019,"Hispanic",0
"Calhoun",2019,"Black",0
"Calhoun",2019,"Other",0
"Calhoun",2019,"White",NA
"Cameron",2019,"Hispanic",35
"Cameron",2019,"Black",NA
"Cameron",2019,"Other",0
"Cameron",2019,"White",NA
"Cass",2019,"Hispanic",0
"Cass",2019,"Black",NA
"Cass",2019,"Other",0
"Cass",2019,"White",NA
"Castro",2019,"Hispanic",NA
"Castro",2019,"Black",0
"Castro",2019,"Other",0
"Castro",2019,"White",0
"Chambers",2019,"Hispanic",NA
"Chambers",2019,"Black",0
"Chambers",2019,"Other",0
"Chambers",2019,"White",NA
"Cherokee",2019,"Hispanic",NA
"Cherokee",2019,"Black",0
"Cherokee",2019,"Other",0
"Cherokee",2019,"White",NA
"Clay",2019,"Hispanic",0
"Clay",2019,"Black",0
"Clay",2019,"Other",0
"Clay",2019,"White",NA
"Collin",2019,"Hispanic",12
"Collin",2019,"Black",11
"Collin",2019,"Other",NA
"Collin",2019,"White",16
"Colorado",2019,"Hispanic",NA
"Colorado",2019,"Black",0
"Colorado",2019,"Other",0
"Colorado",2019,"White",0
"Comal",2019,"Hispanic",NA
"Comal",2019,"Black",NA
"Comal",2019,"Other",0
"Comal",2019,"White",NA
"Comanche",2019,"Hispanic",NA
"Comanche",2019,"Black",0
"Comanche",2019,"Other",0
"Comanche",2019,"White",0
"Cooke",2019,"Hispanic",NA
"Cooke",2019,"Black",0
"Cooke",2019,"Other",0
"Cooke",2019,"White",NA
"Coryell",2019,"Hispanic",0
"Coryell",2019,"Black",NA
"Coryell",2019,"Other",0
"Coryell",2019,"White",NA
"Crockett",2019,"Hispanic",NA
"Crockett",2019,"Black",0
"Crockett",2019,"Other",0
"Crockett",2019,"White",0
"Dallam",2019,"Hispanic",0
"Dallam",2019,"Black",0
"Dallam",2019,"Other",0
"Dallam",2019,"White",NA
"Dallas",2019,"Hispanic",104
"Dallas",2019,"Black",77
"Dallas",2019,"Other",17
"Dallas",2019,"White",33
"Dawson",2019,"Hispanic",NA
"Dawson",2019,"Black",0
"Dawson",2019,"Other",0
"Dawson",2019,"White",0
"Deaf Smith",2019,"Hispanic",NA
"Deaf Smith",2019,"Black",0
"Deaf Smith",2019,"Other",0
"Deaf Smith",2019,"White",0
"Delta",2019,"Hispanic",0
"Delta",2019,"Black",0
"Delta",2019,"Other",0
"Delta",2019,"White",NA
"Denton",2019,"Hispanic",NA
"Denton",2019,"Black",NA
"Denton",2019,"Other",NA
"Denton",2019,"White",17
"Dewitt",2019,"Hispanic",NA
"Dewitt",2019,"Black",0
"Dewitt",2019,"Other",0
"Dewitt",2019,"White",NA
"Dickens",2019,"Hispanic",NA
"Dickens",2019,"Black",0
"Dickens",2019,"Other",0
"Dickens",2019,"White",0
"Duval",2019,"Hispanic",NA
"Duval",2019,"Black",0
"Duval",2019,"Other",0
"Duval",2019,"White",0
"Ector",2019,"Hispanic",NA
"Ector",2019,"Black",NA
"Ector",2019,"Other",0
"Ector",2019,"White",NA
"El Paso",2019,"Hispanic",46
"El Paso",2019,"Black",NA
"El Paso",2019,"Other",NA
"El Paso",2019,"White",NA
"Ellis",2019,"Hispanic",NA
"Ellis",2019,"Black",NA
"Ellis",2019,"Other",0
"Ellis",2019,"White",10
"Erath",2019,"Hispanic",0
"Erath",2019,"Black",0
"Erath",2019,"Other",0
"Erath",2019,"White",NA
"Falls",2019,"Hispanic",0
"Falls",2019,"Black",0
"Falls",2019,"Other",0
"Falls",2019,"White",NA
"Fannin",2019,"Hispanic",0
"Fannin",2019,"Black",NA
"Fannin",2019,"Other",0
"Fannin",2019,"White",0
"Fayette",2019,"Hispanic",NA
"Fayette",2019,"Black",NA
"Fayette",2019,"Other",0
"Fayette",2019,"White",0
"Floyd",2019,"Hispanic",NA
"Floyd",2019,"Black",0
"Floyd",2019,"Other",0
"Floyd",2019,"White",0
"Fort Bend",2019,"Hispanic",NA
"Fort Bend",2019,"Black",18
"Fort Bend",2019,"Other",10
"Fort Bend",2019,"White",NA
"Freestone",2019,"Hispanic",NA
"Freestone",2019,"Black",0
"Freestone",2019,"Other",0
"Freestone",2019,"White",NA
"Frio",2019,"Hispanic",NA
"Frio",2019,"Black",0
"Frio",2019,"Other",0
"Frio",2019,"White",0
"Galveston",2019,"Hispanic",NA
"Galveston",2019,"Black",NA
"Galveston",2019,"Other",0
"Galveston",2019,"White",NA
"Gillespie",2019,"Hispanic",0
"Gillespie",2019,"Black",0
"Gillespie",2019,"Other",0
"Gillespie",2019,"White",NA
"Gray",2019,"Hispanic",NA
"Gray",2019,"Black",0
"Gray",2019,"Other",0
"Gray",2019,"White",NA
"Grayson",2019,"Hispanic",NA
"Grayson",2019,"Black",NA
"Grayson",2019,"Other",NA
"Grayson",2019,"White",NA
"Gregg",2019,"Hispanic",0
"Gregg",2019,"Black",NA
"Gregg",2019,"Other",NA
"Gregg",2019,"White",NA
"Grimes",2019,"Hispanic",NA
"Grimes",2019,"Black",0
"Grimes",2019,"Other",0
"Grimes",2019,"White",0
"Guadalupe",2019,"Hispanic",NA
"Guadalupe",2019,"Black",0
"Guadalupe",2019,"Other",NA
"Guadalupe",2019,"White",NA
"Hale",2019,"Hispanic",NA
"Hale",2019,"Black",0
"Hale",2019,"Other",0
"Hale",2019,"White",NA
"Hall",2019,"Hispanic",0
"Hall",2019,"Black",0
"Hall",2019,"Other",0
"Hall",2019,"White",NA
"Hardin",2019,"Hispanic",0
"Hardin",2019,"Black",0
"Hardin",2019,"Other",0
"Hardin",2019,"White",NA
"Harris",2019,"Hispanic",153
"Harris",2019,"Black",153
"Harris",2019,"Other",19
"Harris",2019,"White",68
"Harrison",2019,"Hispanic",0
"Harrison",2019,"Black",NA
"Harrison",2019,"Other",0
"Harrison",2019,"White",NA
"Hays",2019,"Hispanic",NA
"Hays",2019,"Black",NA
"Hays",2019,"Other",NA
"Hays",2019,"White",NA
"Henderson",2019,"Hispanic",NA
"Henderson",2019,"Black",0
"Henderson",2019,"Other",0
"Henderson",2019,"White",NA
"Hidalgo",2019,"Hispanic",50
"Hidalgo",2019,"Black",0
"Hidalgo",2019,"Other",0
"Hidalgo",2019,"White",NA
"Hill",2019,"Hispanic",0
"Hill",2019,"Black",0
"Hill",2019,"Other",0
"Hill",2019,"White",NA
"Hockley",2019,"Hispanic",NA
"Hockley",2019,"Black",0
"Hockley",2019,"Other",0
"Hockley",2019,"White",NA
"Hood",2019,"Hispanic",NA
"Hood",2019,"Black",0
"Hood",2019,"Other",0
"Hood",2019,"White",NA
"Hopkins",2019,"Hispanic",NA
"Hopkins",2019,"Black",0
"Hopkins",2019,"Other",0
"Hopkins",2019,"White",NA
"Houston",2019,"Hispanic",0
"Houston",2019,"Black",NA
"Houston",2019,"Other",0
"Houston",2019,"White",NA
"Howard",2019,"Hispanic",NA
"Howard",2019,"Black",0
"Howard",2019,"Other",0
"Howard",2019,"White",NA
"Hudspeth",2019,"Hispanic",NA
"Hudspeth",2019,"Black",0
"Hudspeth",2019,"Other",0
"Hudspeth",2019,"White",0
"Hunt",2019,"Hispanic",NA
"Hunt",2019,"Black",NA
"Hunt",2019,"Other",0
"Hunt",2019,"White",NA
"Hutchinson",2019,"Hispanic",NA
"Hutchinson",2019,"Black",0
"Hutchinson",2019,"Other",0
"Hutchinson",2019,"White",NA
"Jack",2019,"Hispanic",NA
"Jack",2019,"Black",0
"Jack",2019,"Other",0
"Jack",2019,"White",0
"Jackson",2019,"Hispanic",NA
"Jackson",2019,"Black",0
"Jackson",2019,"Other",0
"Jackson",2019,"White",NA
"Jasper",2019,"Hispanic",0
"Jasper",2019,"Black",0
"Jasper",2019,"Other",0
"Jasper",2019,"White",NA
"Jeff Davis",2019,"Hispanic",0
"Jeff Davis",2019,"Black",0
"Jeff Davis",2019,"Other",0
"Jeff Davis",2019,"White",NA
"Jefferson",2019,"Hispanic",NA
"Jefferson",2019,"Black",11
"Jefferson",2019,"Other",0
"Jefferson",2019,"White",NA
"Jim Hogg",2019,"Hispanic",NA
"Jim Hogg",2019,"Black",0
"Jim Hogg",2019,"Other",0
"Jim Hogg",2019,"White",0
"Jim Wells",2019,"Hispanic",NA
"Jim Wells",2019,"Black",0
"Jim Wells",2019,"Other",0
"Jim Wells",2019,"White",0
"Johnson",2019,"Hispanic",NA
"Johnson",2019,"Black",NA
"Johnson",2019,"Other",0
"Johnson",2019,"White",NA
"Jones",2019,"Hispanic",NA
"Jones",2019,"Black",0
"Jones",2019,"Other",0
"Jones",2019,"White",NA
"Karnes",2019,"Hispanic",NA
"Karnes",2019,"Black",0
"Karnes",2019,"Other",0
"Karnes",2019,"White",NA
"Kaufman",2019,"Hispanic",NA
"Kaufman",2019,"Black",NA
"Kaufman",2019,"Other",0
"Kaufman",2019,"White",NA
"Kendall",2019,"Hispanic",NA
"Kendall",2019,"Black",0
"Kendall",2019,"Other",0
"Kendall",2019,"White",0
"Kerr",2019,"Hispanic",NA
"Kerr",2019,"Black",0
"Kerr",2019,"Other",0
"Kerr",2019,"White",NA
"Kimble",2019,"Hispanic",NA
"Kimble",2019,"Black",0
"Kimble",2019,"Other",0
"Kimble",2019,"White",0
"Kleberg",2019,"Hispanic",NA
"Kleberg",2019,"Black",NA
"Kleberg",2019,"Other",0
"Kleberg",2019,"White",0
"Lamar",2019,"Hispanic",0
"Lamar",2019,"Black",NA
"Lamar",2019,"Other",0
"Lamar",2019,"White",NA
"Lamb",2019,"Hispanic",0
"Lamb",2019,"Black",NA
"Lamb",2019,"Other",0
"Lamb",2019,"White",0
"Lampasas",2019,"Hispanic",0
"Lampasas",2019,"Black",0
"Lampasas",2019,"Other",0
"Lampasas",2019,"White",NA
"Lee",2019,"Hispanic",NA
"Lee",2019,"Black",0
"Lee",2019,"Other",0
"Lee",2019,"White",0
"Liberty",2019,"Hispanic",NA
"Liberty",2019,"Black",0
"Liberty",2019,"Other",0
"Liberty",2019,"White",NA
"Limestone",2019,"Hispanic",0
"Limestone",2019,"Black",NA
"Limestone",2019,"Other",NA
"Limestone",2019,"White",NA
"Lubbock",2019,"Hispanic",12
"Lubbock",2019,"Black",NA
"Lubbock",2019,"Other",NA
"Lubbock",2019,"White",NA
"Madison",2019,"Hispanic",NA
"Madison",2019,"Black",0
"Madison",2019,"Other",0
"Madison",2019,"White",0
"Matagorda",2019,"Hispanic",NA
"Matagorda",2019,"Black",0
"Matagorda",2019,"Other",0
"Matagorda",2019,"White",NA
"Maverick",2019,"Hispanic",NA
"Maverick",2019,"Black",0
"Maverick",2019,"Other",0
"Maverick",2019,"White",NA
"Mclennan",2019,"Hispanic",NA
"Mclennan",2019,"Black",NA
"Mclennan",2019,"Other",NA
"Mclennan",2019,"White",NA
"Medina",2019,"Hispanic",NA
"Medina",2019,"Black",0
"Medina",2019,"Other",0
"Medina",2019,"White",0
"Midland",2019,"Hispanic",NA
"Midland",2019,"Black",NA
"Midland",2019,"Other",0
"Midland",2019,"White",NA
"Milam",2019,"Hispanic",0
"Milam",2019,"Black",0
"Milam",2019,"Other",0
"Milam",2019,"White",NA
"Mitchell",2019,"Hispanic",NA
"Mitchell",2019,"Black",0
"Mitchell",2019,"Other",0
"Mitchell",2019,"White",0
"Montague",2019,"Hispanic",NA
"Montague",2019,"Black",0
"Montague",2019,"Other",0
"Montague",2019,"White",0
"Montgomery",2019,"Hispanic",12
"Montgomery",2019,"Black",NA
"Montgomery",2019,"Other",NA
"Montgomery",2019,"White",16
"Moore",2019,"Hispanic",NA
"Moore",2019,"Black",0
"Moore",2019,"Other",0
"Moore",2019,"White",0
"Nacogdoches",2019,"Hispanic",0
"Nacogdoches",2019,"Black",0
"Nacogdoches",2019,"Other",0
"Nacogdoches",2019,"White",NA
"Navarro",2019,"Hispanic",NA
"Navarro",2019,"Black",0
"Navarro",2019,"Other",0
"Navarro",2019,"White",NA
"Nueces",2019,"Hispanic",14
"Nueces",2019,"Black",NA
"Nueces",2019,"Other",0
"Nueces",2019,"White",NA
"Orange",2019,"Hispanic",0
"Orange",2019,"Black",NA
"Orange",2019,"Other",NA
"Orange",2019,"White",NA
"Palo Pinto",2019,"Hispanic",0
"Palo Pinto",2019,"Black",0
"Palo Pinto",2019,"Other",0
"Palo Pinto",2019,"White",NA
"Parker",2019,"Hispanic",NA
"Parker",2019,"Black",0
"Parker",2019,"Other",0
"Parker",2019,"White",NA
"Parmer",2019,"Hispanic",NA
"Parmer",2019,"Black",0
"Parmer",2019,"Other",0
"Parmer",2019,"White",0
"Polk",2019,"Hispanic",0
"Polk",2019,"Black",0
"Polk",2019,"Other",0
"Polk",2019,"White",NA
"Potter",2019,"Hispanic",NA
"Potter",2019,"Black",NA
"Potter",2019,"Other",0
"Potter",2019,"White",NA
"Randall",2019,"Hispanic",NA
"Randall",2019,"Black",NA
"Randall",2019,"Other",NA
"Randall",2019,"White",NA
"Reagan",2019,"Hispanic",NA
"Reagan",2019,"Black",0
"Reagan",2019,"Other",0
"Reagan",2019,"White",0
"Robertson",2019,"Hispanic",0
"Robertson",2019,"Black",NA
"Robertson",2019,"Other",0
"Robertson",2019,"White",NA
"Rockwall",2019,"Hispanic",0
"Rockwall",2019,"Black",0
"Rockwall",2019,"Other",NA
"Rockwall",2019,"White",NA
"Runnels",2019,"Hispanic",NA
"Runnels",2019,"Black",0
"Runnels",2019,"Other",0
"Runnels",2019,"White",NA
"Rusk",2019,"Hispanic",NA
"Rusk",2019,"Black",NA
"Rusk",2019,"Other",0
"Rusk",2019,"White",0
"San Augustine",2019,"Hispanic",0
"San Augustine",2019,"Black",NA
"San Augustine",2019,"Other",0
"San Augustine",2019,"White",0
"San Jacinto",2019,"Hispanic",0
"San Jacinto",2019,"Black",NA
"San Jacinto",2019,"Other",0
"San Jacinto",2019,"White",NA
"San Patricio",2019,"Hispanic",NA
"San Patricio",2019,"Black",0
"San Patricio",2019,"Other",0
"San Patricio",2019,"White",NA
"San Saba",2019,"Hispanic",0
"San Saba",2019,"Black",0
"San Saba",2019,"Other",0
"San Saba",2019,"White",NA
"Shelby",2019,"Hispanic",0
"Shelby",2019,"Black",0
"Shelby",2019,"Other",0
"Shelby",2019,"White",NA
"Smith",2019,"Hispanic",NA
"Smith",2019,"Black",NA
"Smith",2019,"Other",0
"Smith",2019,"White",NA
"Starr",2019,"Hispanic",NA
"Starr",2019,"Black",0
"Starr",2019,"Other",0
"Starr",2019,"White",0
"Swisher",2019,"Hispanic",NA
"Swisher",2019,"Black",0
"Swisher",2019,"Other",0
"Swisher",2019,"White",0
"Tarrant",2019,"Hispanic",46
"Tarrant",2019,"Black",50
"Tarrant",2019,"Other",NA
"Tarrant",2019,"White",46
"Taylor",2019,"Hispanic",NA
"Taylor",2019,"Black",NA
"Taylor",2019,"Other",0
"Taylor",2019,"White",NA
"Terry",2019,"Hispanic",NA
"Terry",2019,"Black",0
"Terry",2019,"Other",0
"Terry",2019,"White",NA
"Titus",2019,"Hispanic",NA
"Titus",2019,"Black",NA
"Titus",2019,"Other",0
"Titus",2019,"White",0
"Tom Green",2019,"Hispanic",NA
"Tom Green",2019,"Black",0
"Tom Green",2019,"Other",0
"Tom Green",2019,"White",NA
"Travis",2019,"Hispanic",33
"Travis",2019,"Black",11
"Travis",2019,"Other",NA
"Travis",2019,"White",23
"Tyler",2019,"Hispanic",0
"Tyler",2019,"Black",0
"Tyler",2019,"Other",0
"Tyler",2019,"White",NA
"Upshur",2019,"Hispanic",0
"Upshur",2019,"Black",0
"Upshur",2019,"Other",0
"Upshur",2019,"White",NA
"Upton",2019,"Hispanic",NA
"Upton",2019,"Black",0
"Upton",2019,"Other",0
"Upton",2019,"White",0
"Uvalde",2019,"Hispanic",NA
"Uvalde",2019,"Black",0
"Uvalde",2019,"Other",0
"Uvalde",2019,"White",NA
"Val Verde",2019,"Hispanic",NA
"Val Verde",2019,"Black",0
"Val Verde",2019,"Other",0
"Val Verde",2019,"White",NA
"Van Zandt",2019,"Hispanic",0
"Van Zandt",2019,"Black",0
"Van Zandt",2019,"Other",0
"Van Zandt",2019,"White",NA
"Victoria",2019,"Hispanic",NA
"Victoria",2019,"Black",NA
"Victoria",2019,"Other",NA
"Victoria",2019,"White",NA
"Walker",2019,"Hispanic",NA
"Walker",2019,"Black",NA
"Walker",2019,"Other",0
"Walker",2019,"White",NA
"Waller",2019,"Hispanic",NA
"Waller",2019,"Black",NA
"Waller",2019,"Other",0
"Waller",2019,"White",0
"Washington",2019,"Hispanic",NA
"Washington",2019,"Black",NA
"Washington",2019,"Other",0
"Washington",2019,"White",NA
"Webb",2019,"Hispanic",17
"Webb",2019,"Black",0
"Webb",2019,"Other",0
"Webb",2019,"White",0
"Wharton",2019,"Hispanic",NA
"Wharton",2019,"Black",0
"Wharton",2019,"Other",0
"Wharton",2019,"White",0
"Wheeler",2019,"Hispanic",NA
"Wheeler",2019,"Black",0
"Wheeler",2019,"Other",0
"Wheeler",2019,"White",0
"Wichita",2019,"Hispanic",NA
"Wichita",2019,"Black",NA
"Wichita",2019,"Other",0
"Wichita",2019,"White",NA
"Wilbarger",2019,"Hispanic",NA
"Wilbarger",2019,"Black",0
"Wilbarger",2019,"Other",0
"Wilbarger",2019,"White",NA
"Willacy",2019,"Hispanic",NA
"Willacy",2019,"Black",0
"Willacy",2019,"Other",0
"Willacy",2019,"White",0
"Williamson",2019,"Hispanic",NA
"Williamson",2019,"Black",NA
"Williamson",2019,"Other",NA
"Williamson",2019,"White",NA
"Wilson",2019,"Hispanic",0
"Wilson",2019,"Black",0
"Wilson",2019,"Other",0
"Wilson",2019,"White",NA
"Winkler",2019,"Hispanic",NA
"Winkler",2019,"Black",0
"Winkler",2019,"Other",0
"Winkler",2019,"White",0
"Wise",2019,"Hispanic",0
"Wise",2019,"Black",0
"Wise",2019,"Other",0
"Wise",2019,"White",NA
"Wood",2019,"Hispanic",NA
"Wood",2019,"Black",NA
"Wood",2019,"Other",0
"Wood",2019,"White",0
"Yoakum",2019,"Hispanic",NA
"Yoakum",2019,"Black",0
"Yoakum",2019,"Other",0
"Yoakum",2019,"White",0
"Zapata",2019,"Hispanic",NA
"Zapata",2019,"Black",0
"Zapata",2019,"Other",0
"Zapata",2019,"White",0
"Zavala",2019,"Hispanic",NA
"Zavala",2019,"Black",0
"Zavala",2019,"Other",0
"Zavala",2019,"White",0
"Andrews",2018,"Hispanic",NA
"Andrews",2018,"Black",0
"Andrews",2018,"Other",0
"Andrews",2018,"White",NA
"Angelina",2018,"Hispanic",NA
"Angelina",2018,"Black",NA
"Angelina",2018,"Other",0
"Angelina",2018,"White",NA
"Aransas",2018,"Hispanic",0
"Aransas",2018,"Black",0
"Aransas",2018,"Other",NA
"Aransas",2018,"White",0
"Atascosa",2018,"Hispanic",NA
"Atascosa",2018,"Black",0
"Atascosa",2018,"Other",0
"Atascosa",2018,"White",0
"Bandera",2018,"Hispanic",0
"Bandera",2018,"Black",0
"Bandera",2018,"Other",0
"Bandera",2018,"White",NA
"Bastrop",2018,"Hispanic",NA
"Bastrop",2018,"Black",NA
"Bastrop",2018,"Other",NA
"Bastrop",2018,"White",NA
"Bee",2018,"Hispanic",NA
"Bee",2018,"Black",0
"Bee",2018,"Other",0
"Bee",2018,"White",0
"Bell",2018,"Hispanic",NA
"Bell",2018,"Black",11
"Bell",2018,"Other",0
"Bell",2018,"White",NA
"Bexar",2018,"Hispanic",110
"Bexar",2018,"Black",35
"Bexar",2018,"Other",NA
"Bexar",2018,"White",34
"Blanco",2018,"Hispanic",0
"Blanco",2018,"Black",0
"Blanco",2018,"Other",0
"Blanco",2018,"White",NA
"Bosque",2018,"Hispanic",0
"Bosque",2018,"Black",0
"Bosque",2018,"Other",0
"Bosque",2018,"White",NA
"Bowie",2018,"Hispanic",0
"Bowie",2018,"Black",NA
"Bowie",2018,"Other",0
"Bowie",2018,"White",NA
"Brazoria",2018,"Hispanic",NA
"Brazoria",2018,"Black",NA
"Brazoria",2018,"Other",NA
"Brazoria",2018,"White",10
"Brazos",2018,"Hispanic",NA
"Brazos",2018,"Black",NA
"Brazos",2018,"Other",0
"Brazos",2018,"White",NA
"Brooks",2018,"Hispanic",NA
"Brooks",2018,"Black",0
"Brooks",2018,"Other",0
"Brooks",2018,"White",0
"Brown",2018,"Hispanic",0
"Brown",2018,"Black",0
"Brown",2018,"Other",0
"Brown",2018,"White",NA
"Caldwell",2018,"Hispanic",NA
"Caldwell",2018,"Black",0
"Caldwell",2018,"Other",0
"Caldwell",2018,"White",0
"Cameron",2018,"Hispanic",22
"Cameron",2018,"Black",0
"Cameron",2018,"Other",0
"Cameron",2018,"White",NA
"Cass",2018,"Hispanic",0
"Cass",2018,"Black",NA
"Cass",2018,"Other",0
"Cass",2018,"White",0
"Cherokee",2018,"Hispanic",NA
"Cherokee",2018,"Black",NA
"Cherokee",2018,"Other",0
"Cherokee",2018,"White",NA
"Childress",2018,"Hispanic",NA
"Childress",2018,"Black",0
"Childress",2018,"Other",0
"Childress",2018,"White",0
"Collin",2018,"Hispanic",11
"Collin",2018,"Black",NA
"Collin",2018,"Other",11
"Collin",2018,"White",14
"Collingsworth",2018,"Hispanic",0
"Collingsworth",2018,"Black",0
"Collingsworth",2018,"Other",0
"Collingsworth",2018,"White",NA
"Colorado",2018,"Hispanic",NA
"Colorado",2018,"Black",NA
"Colorado",2018,"Other",0
"Colorado",2018,"White",NA
"Comal",2018,"Hispanic",NA
"Comal",2018,"Black",0
"Comal",2018,"Other",0
"Comal",2018,"White",NA
"Comanche",2018,"Hispanic",0
"Comanche",2018,"Black",0
"Comanche",2018,"Other",0
"Comanche",2018,"White",NA
"Cooke",2018,"Hispanic",NA
"Cooke",2018,"Black",NA
"Cooke",2018,"Other",0
"Cooke",2018,"White",NA
"Coryell",2018,"Hispanic",NA
"Coryell",2018,"Black",NA
"Coryell",2018,"Other",0
"Coryell",2018,"White",NA
"Cottle",2018,"Hispanic",NA
"Cottle",2018,"Black",0
"Cottle",2018,"Other",0
"Cottle",2018,"White",0
"Crosby",2018,"Hispanic",NA
"Crosby",2018,"Black",0
"Crosby",2018,"Other",0
"Crosby",2018,"White",0
"Dallam",2018,"Hispanic",NA
"Dallam",2018,"Black",0
"Dallam",2018,"Other",0
"Dallam",2018,"White",NA
"Dallas",2018,"Hispanic",89
"Dallas",2018,"Black",98
"Dallas",2018,"Other",14
"Dallas",2018,"White",26
"Dawson",2018,"Hispanic",NA
"Dawson",2018,"Black",0
"Dawson",2018,"Other",0
"Dawson",2018,"White",NA
"Deaf Smith",2018,"Hispanic",NA
"Deaf Smith",2018,"Black",0
"Deaf Smith",2018,"Other",0
"Deaf Smith",2018,"White",NA
"Delta",2018,"Hispanic",0
"Delta",2018,"Black",0
"Delta",2018,"Other",0
"Delta",2018,"White",NA
"Denton",2018,"Hispanic",10
"Denton",2018,"Black",10
"Denton",2018,"Other",NA
"Denton",2018,"White",13
"Dewitt",2018,"Hispanic",NA
"Dewitt",2018,"Black",0
"Dewitt",2018,"Other",0
"Dewitt",2018,"White",0
"Dimmit",2018,"Hispanic",0
"Dimmit",2018,"Black",0
"Dimmit",2018,"Other",0
"Dimmit",2018,"White",NA
"Donley",2018,"Hispanic",0
"Donley",2018,"Black",0
"Donley",2018,"Other",0
"Donley",2018,"White",NA
"Duval",2018,"Hispanic",NA
"Duval",2018,"Black",0
"Duval",2018,"Other",0
"Duval",2018,"White",0
"Ector",2018,"Hispanic",12
"Ector",2018,"Black",NA
"Ector",2018,"Other",NA
"Ector",2018,"White",NA
"Edwards",2018,"Hispanic",NA
"Edwards",2018,"Black",0
"Edwards",2018,"Other",0
"Edwards",2018,"White",0
"El Paso",2018,"Hispanic",30
"El Paso",2018,"Black",NA
"El Paso",2018,"Other",0
"El Paso",2018,"White",NA
"Ellis",2018,"Hispanic",NA
"Ellis",2018,"Black",NA
"Ellis",2018,"Other",NA
"Ellis",2018,"White",NA
"Erath",2018,"Hispanic",0
"Erath",2018,"Black",0
"Erath",2018,"Other",0
"Erath",2018,"White",NA
"Falls",2018,"Hispanic",0
"Falls",2018,"Black",NA
"Falls",2018,"Other",0
"Falls",2018,"White",0
"Fannin",2018,"Hispanic",0
"Fannin",2018,"Black",0
"Fannin",2018,"Other",0
"Fannin",2018,"White",NA
"Floyd",2018,"Hispanic",NA
"Floyd",2018,"Black",0
"Floyd",2018,"Other",0
"Floyd",2018,"White",0
"Fort Bend",2018,"Hispanic",NA
"Fort Bend",2018,"Black",16
"Fort Bend",2018,"Other",NA
"Fort Bend",2018,"White",NA
"Franklin",2018,"Hispanic",0
"Franklin",2018,"Black",0
"Franklin",2018,"Other",0
"Franklin",2018,"White",NA
"Freestone",2018,"Hispanic",NA
"Freestone",2018,"Black",NA
"Freestone",2018,"Other",0
"Freestone",2018,"White",0
"Frio",2018,"Hispanic",NA
"Frio",2018,"Black",0
"Frio",2018,"Other",0
"Frio",2018,"White",0
"Galveston",2018,"Hispanic",NA
"Galveston",2018,"Black",NA
"Galveston",2018,"Other",NA
"Galveston",2018,"White",10
"Garza",2018,"Hispanic",0
"Garza",2018,"Black",0
"Garza",2018,"Other",NA
"Garza",2018,"White",0
"Gillespie",2018,"Hispanic",0
"Gillespie",2018,"Black",0
"Gillespie",2018,"Other",0
"Gillespie",2018,"White",NA
"Glasscock",2018,"Hispanic",0
"Glasscock",2018,"Black",0
"Glasscock",2018,"Other",0
"Glasscock",2018,"White",NA
"Goliad",2018,"Hispanic",0
"Goliad",2018,"Black",NA
"Goliad",2018,"Other",0
"Goliad",2018,"White",0
"Gonzales",2018,"Hispanic",0
"Gonzales",2018,"Black",0
"Gonzales",2018,"Other",0
"Gonzales",2018,"White",NA
"Grayson",2018,"Hispanic",NA
"Grayson",2018,"Black",0
"Grayson",2018,"Other",NA
"Grayson",2018,"White",NA
"Gregg",2018,"Hispanic",NA
"Gregg",2018,"Black",NA
"Gregg",2018,"Other",0
"Gregg",2018,"White",NA
"Grimes",2018,"Hispanic",0
"Grimes",2018,"Black",0
"Grimes",2018,"Other",0
"Grimes",2018,"White",NA
"Guadalupe",2018,"Hispanic",NA
"Guadalupe",2018,"Black",NA
"Guadalupe",2018,"Other",0
"Guadalupe",2018,"White",NA
"Hale",2018,"Hispanic",NA
"Hale",2018,"Black",0
"Hale",2018,"Other",0
"Hale",2018,"White",0
"Hamilton",2018,"Hispanic",0
"Hamilton",2018,"Black",0
"Hamilton",2018,"Other",0
"Hamilton",2018,"White",NA
"Hardin",2018,"Hispanic",NA
"Hardin",2018,"Black",NA
"Hardin",2018,"Other",0
"Hardin",2018,"White",NA
"Harris",2018,"Hispanic",168
"Harris",2018,"Black",141
"Harris",2018,"Other",27
"Harris",2018,"White",65
"Harrison",2018,"Hispanic",NA
"Harrison",2018,"Black",NA
"Harrison",2018,"Other",0
"Harrison",2018,"White",NA
"Hays",2018,"Hispanic",NA
"Hays",2018,"Black",0
"Hays",2018,"Other",0
"Hays",2018,"White",NA
"Henderson",2018,"Hispanic",NA
"Henderson",2018,"Black",NA
"Henderson",2018,"Other",0
"Henderson",2018,"White",NA
"Hidalgo",2018,"Hispanic",62
"Hidalgo",2018,"Black",0
"Hidalgo",2018,"Other",0
"Hidalgo",2018,"White",NA
"Hill",2018,"Hispanic",NA
"Hill",2018,"Black",0
"Hill",2018,"Other",0
"Hill",2018,"White",0
"Hockley",2018,"Hispanic",NA
"Hockley",2018,"Black",0
"Hockley",2018,"Other",0
"Hockley",2018,"White",NA
"Hood",2018,"Hispanic",0
"Hood",2018,"Black",0
"Hood",2018,"Other",0
"Hood",2018,"White",NA
"Hopkins",2018,"Hispanic",NA
"Hopkins",2018,"Black",0
"Hopkins",2018,"Other",0
"Hopkins",2018,"White",NA
"Houston",2018,"Hispanic",0
"Houston",2018,"Black",0
"Houston",2018,"Other",0
"Houston",2018,"White",NA
"Howard",2018,"Hispanic",NA
"Howard",2018,"Black",NA
"Howard",2018,"Other",0
"Howard",2018,"White",0
"Hunt",2018,"Hispanic",0
"Hunt",2018,"Black",NA
"Hunt",2018,"Other",0
"Hunt",2018,"White",NA
"Jack",2018,"Hispanic",0
"Jack",2018,"Black",0
"Jack",2018,"Other",0
"Jack",2018,"White",NA
"Jasper",2018,"Hispanic",NA
"Jasper",2018,"Black",0
"Jasper",2018,"Other",0
"Jasper",2018,"White",NA
"Jefferson",2018,"Hispanic",NA
"Jefferson",2018,"Black",16
"Jefferson",2018,"Other",0
"Jefferson",2018,"White",11
"Jim Wells",2018,"Hispanic",NA
"Jim Wells",2018,"Black",0
"Jim Wells",2018,"Other",0
"Jim Wells",2018,"White",0
"Johnson",2018,"Hispanic",NA
"Johnson",2018,"Black",0
"Johnson",2018,"Other",NA
"Johnson",2018,"White",12
"Jones",2018,"Hispanic",0
"Jones",2018,"Black",0
"Jones",2018,"Other",0
"Jones",2018,"White",NA
"Karnes",2018,"Hispanic",NA
"Karnes",2018,"Black",0
"Karnes",2018,"Other",0
"Karnes",2018,"White",0
"Kaufman",2018,"Hispanic",NA
"Kaufman",2018,"Black",NA
"Kaufman",2018,"Other",0
"Kaufman",2018,"White",NA
"Kendall",2018,"Hispanic",NA
"Kendall",2018,"Black",0
"Kendall",2018,"Other",0
"Kendall",2018,"White",0
"Kerr",2018,"Hispanic",0
"Kerr",2018,"Black",NA
"Kerr",2018,"Other",0
"Kerr",2018,"White",NA
"Kleberg",2018,"Hispanic",NA
"Kleberg",2018,"Black",0
"Kleberg",2018,"Other",0
"Kleberg",2018,"White",0
"Knox",2018,"Hispanic",0
"Knox",2018,"Black",0
"Knox",2018,"Other",0
"Knox",2018,"White",NA
"La Salle",2018,"Hispanic",NA
"La Salle",2018,"Black",0
"La Salle",2018,"Other",0
"La Salle",2018,"White",0
"Lamar",2018,"Hispanic",0
"Lamar",2018,"Black",0
"Lamar",2018,"Other",NA
"Lamar",2018,"White",NA
"Lavaca",2018,"Hispanic",0
"Lavaca",2018,"Black",NA
"Lavaca",2018,"Other",0
"Lavaca",2018,"White",0
"Liberty",2018,"Hispanic",NA
"Liberty",2018,"Black",NA
"Liberty",2018,"Other",0
"Liberty",2018,"White",NA
"Limestone",2018,"Hispanic",0
"Limestone",2018,"Black",0
"Limestone",2018,"Other",0
"Limestone",2018,"White",NA
"Llano",2018,"Hispanic",0
"Llano",2018,"Black",0
"Llano",2018,"Other",0
"Llano",2018,"White",NA
"Lubbock",2018,"Hispanic",13
"Lubbock",2018,"Black",NA
"Lubbock",2018,"Other",NA
"Lubbock",2018,"White",NA
"Madison",2018,"Hispanic",NA
"Madison",2018,"Black",0
"Madison",2018,"Other",0
"Madison",2018,"White",NA
"Martin",2018,"Hispanic",0
"Martin",2018,"Black",0
"Martin",2018,"Other",0
"Martin",2018,"White",NA
"Matagorda",2018,"Hispanic",0
"Matagorda",2018,"Black",NA
"Matagorda",2018,"Other",0
"Matagorda",2018,"White",NA
"Maverick",2018,"Hispanic",NA
"Maverick",2018,"Black",0
"Maverick",2018,"Other",NA
"Maverick",2018,"White",0
"Mclennan",2018,"Hispanic",11
"Mclennan",2018,"Black",NA
"Mclennan",2018,"Other",0
"Mclennan",2018,"White",NA
"Midland",2018,"Hispanic",NA
"Midland",2018,"Black",0
"Midland",2018,"Other",NA
"Midland",2018,"White",NA
"Milam",2018,"Hispanic",NA
"Milam",2018,"Black",0
"Milam",2018,"Other",0
"Milam",2018,"White",0
"Montgomery",2018,"Hispanic",11
"Montgomery",2018,"Black",NA
"Montgomery",2018,"Other",0
"Montgomery",2018,"White",21
"Moore",2018,"Hispanic",NA
"Moore",2018,"Black",0
"Moore",2018,"Other",0
"Moore",2018,"White",0
"Morris",2018,"Hispanic",0
"Morris",2018,"Black",NA
"Morris",2018,"Other",0
"Morris",2018,"White",NA
"Motley",2018,"Hispanic",NA
"Motley",2018,"Black",0
"Motley",2018,"Other",0
"Motley",2018,"White",0
"Nacogdoches",2018,"Hispanic",NA
"Nacogdoches",2018,"Black",NA
"Nacogdoches",2018,"Other",0
"Nacogdoches",2018,"White",0
"Navarro",2018,"Hispanic",NA
"Navarro",2018,"Black",0
"Navarro",2018,"Other",0
"Navarro",2018,"White",NA
"Nolan",2018,"Hispanic",0
"Nolan",2018,"Black",NA
"Nolan",2018,"Other",0
"Nolan",2018,"White",0
"Nueces",2018,"Hispanic",21
"Nueces",2018,"Black",NA
"Nueces",2018,"Other",NA
"Nueces",2018,"White",NA
"Ochiltree",2018,"Hispanic",NA
"Ochiltree",2018,"Black",0
"Ochiltree",2018,"Other",0
"Ochiltree",2018,"White",0
"Orange",2018,"Hispanic",0
"Orange",2018,"Black",0
"Orange",2018,"Other",0
"Orange",2018,"White",NA
"Palo Pinto",2018,"Hispanic",0
"Palo Pinto",2018,"Black",0
"Palo Pinto",2018,"Other",0
"Palo Pinto",2018,"White",NA
"Panola",2018,"Hispanic",0
"Panola",2018,"Black",0
"Panola",2018,"Other",0
"Panola",2018,"White",NA
"Parker",2018,"Hispanic",NA
"Parker",2018,"Black",0
"Parker",2018,"Other",NA
"Parker",2018,"White",NA
"Parmer",2018,"Hispanic",NA
"Parmer",2018,"Black",0
"Parmer",2018,"Other",0
"Parmer",2018,"White",NA
"Pecos",2018,"Hispanic",NA
"Pecos",2018,"Black",0
"Pecos",2018,"Other",0
"Pecos",2018,"White",0
"Polk",2018,"Hispanic",0
"Polk",2018,"Black",0
"Polk",2018,"Other",0
"Polk",2018,"White",NA
"Potter",2018,"Hispanic",0
"Potter",2018,"Black",NA
"Potter",2018,"Other",NA
"Potter",2018,"White",NA
"Randall",2018,"Hispanic",NA
"Randall",2018,"Black",NA
"Randall",2018,"Other",NA
"Randall",2018,"White",NA
"Red River",2018,"Hispanic",0
"Red River",2018,"Black",0
"Red River",2018,"Other",0
"Red River",2018,"White",NA
"Robertson",2018,"Hispanic",NA
"Robertson",2018,"Black",0
"Robertson",2018,"Other",0
"Robertson",2018,"White",0
"Rockwall",2018,"Hispanic",NA
"Rockwall",2018,"Black",NA
"Rockwall",2018,"Other",0
"Rockwall",2018,"White",NA
"Rusk",2018,"Hispanic",0
"Rusk",2018,"Black",0
"Rusk",2018,"Other",0
"Rusk",2018,"White",NA
"Sabine",2018,"Hispanic",0
"Sabine",2018,"Black",0
"Sabine",2018,"Other",0
"Sabine",2018,"White",NA
"San Jacinto",2018,"Hispanic",0
"San Jacinto",2018,"Black",NA
"San Jacinto",2018,"Other",0
"San Jacinto",2018,"White",0
"San Patricio",2018,"Hispanic",NA
"San Patricio",2018,"Black",0
"San Patricio",2018,"Other",0
"San Patricio",2018,"White",NA
"San Saba",2018,"Hispanic",NA
"San Saba",2018,"Black",0
"San Saba",2018,"Other",0
"San Saba",2018,"White",0
"Smith",2018,"Hispanic",NA
"Smith",2018,"Black",NA
"Smith",2018,"Other",0
"Smith",2018,"White",NA
"Somervell",2018,"Hispanic",NA
"Somervell",2018,"Black",0
"Somervell",2018,"Other",0
"Somervell",2018,"White",0
"Starr",2018,"Hispanic",NA
"Starr",2018,"Black",0
"Starr",2018,"Other",0
"Starr",2018,"White",0
"Swisher",2018,"Hispanic",NA
"Swisher",2018,"Black",0
"Swisher",2018,"Other",0
"Swisher",2018,"White",0
"Tarrant",2018,"Hispanic",54
"Tarrant",2018,"Black",58
"Tarrant",2018,"Other",14
"Tarrant",2018,"White",48
"Taylor",2018,"Hispanic",NA
"Taylor",2018,"Black",0
"Taylor",2018,"Other",0
"Taylor",2018,"White",NA
"Terry",2018,"Hispanic",NA
"Terry",2018,"Black",0
"Terry",2018,"Other",0
"Terry",2018,"White",0
"Titus",2018,"Hispanic",0
"Titus",2018,"Black",NA
"Titus",2018,"Other",0
"Titus",2018,"White",NA
"Tom Green",2018,"Hispanic",NA
"Tom Green",2018,"Black",0
"Tom Green",2018,"Other",NA
"Tom Green",2018,"White",NA
"Travis",2018,"Hispanic",27
"Travis",2018,"Black",10
"Travis",2018,"Other",NA
"Travis",2018,"White",NA
"Trinity",2018,"Hispanic",0
"Trinity",2018,"Black",NA
"Trinity",2018,"Other",0
"Trinity",2018,"White",0
"Tyler",2018,"Hispanic",0
"Tyler",2018,"Black",0
"Tyler",2018,"Other",0
"Tyler",2018,"White",NA
"Upshur",2018,"Hispanic",0
"Upshur",2018,"Black",0
"Upshur",2018,"Other",0
"Upshur",2018,"White",NA
"Val Verde",2018,"Hispanic",NA
"Val Verde",2018,"Black",0
"Val Verde",2018,"Other",0
"Val Verde",2018,"White",NA
"Van Zandt",2018,"Hispanic",NA
"Van Zandt",2018,"Black",0
"Van Zandt",2018,"Other",0
"Van Zandt",2018,"White",NA
"Victoria",2018,"Hispanic",NA
"Victoria",2018,"Black",NA
"Victoria",2018,"Other",0
"Victoria",2018,"White",NA
"Walker",2018,"Hispanic",0
"Walker",2018,"Black",NA
"Walker",2018,"Other",0
"Walker",2018,"White",NA
"Waller",2018,"Hispanic",NA
"Waller",2018,"Black",0
"Waller",2018,"Other",0
"Waller",2018,"White",NA
"Ward",2018,"Hispanic",0
"Ward",2018,"Black",0
"Ward",2018,"Other",0
"Ward",2018,"White",NA
"Washington",2018,"Hispanic",NA
"Washington",2018,"Black",0
"Washington",2018,"Other",0
"Washington",2018,"White",0
"Webb",2018,"Hispanic",17
"Webb",2018,"Black",0
"Webb",2018,"Other",0
"Webb",2018,"White",NA
"Wharton",2018,"Hispanic",0
"Wharton",2018,"Black",NA
"Wharton",2018,"Other",NA
"Wharton",2018,"White",NA
"Wheeler",2018,"Hispanic",NA
"Wheeler",2018,"Black",0
"Wheeler",2018,"Other",0
"Wheeler",2018,"White",0
"Wichita",2018,"Hispanic",NA
"Wichita",2018,"Black",NA
"Wichita",2018,"Other",0
"Wichita",2018,"White",NA
"Wilbarger",2018,"Hispanic",NA
"Wilbarger",2018,"Black",0
"Wilbarger",2018,"Other",NA
"Wilbarger",2018,"White",0
"Willacy",2018,"Hispanic",NA
"Willacy",2018,"Black",0
"Willacy",2018,"Other",0
"Willacy",2018,"White",0
"Williamson",2018,"Hispanic",NA
"Williamson",2018,"Black",NA
"Williamson",2018,"Other",NA
"Williamson",2018,"White",11
"Wilson",2018,"Hispanic",0
"Wilson",2018,"Black",0
"Wilson",2018,"Other",0
"Wilson",2018,"White",NA
"Winkler",2018,"Hispanic",NA
"Winkler",2018,"Black",0
"Winkler",2018,"Other",0
"Winkler",2018,"White",0
"Wise",2018,"Hispanic",NA
"Wise",2018,"Black",0
"Wise",2018,"Other",0
"Wise",2018,"White",NA
"Wood",2018,"Hispanic",0
"Wood",2018,"Black",0
"Wood",2018,"Other",0
"Wood",2018,"White",NA
"Young",2018,"Hispanic",0
"Young",2018,"Black",0
"Young",2018,"Other",0
"Young",2018,"White",NA
"Zapata",2018,"Hispanic",0
"Zapata",2018,"Black",0
"Zapata",2018,"Other",NA
"Zapata",2018,"White",0
"Zavala",2018,"Hispanic",NA
"Zavala",2018,"Black",0
"Zavala",2018,"Other",0
"Zavala",2018,"White",0
"Anderson",2017,"Hispanic",0
"Anderson",2017,"Black",NA
"Anderson",2017,"Other",0
"Anderson",2017,"White",NA
"Andrews",2017,"Hispanic",NA
"Andrews",2017,"Black",0
"Andrews",2017,"Other",0
"Andrews",2017,"White",0
"Angelina",2017,"Hispanic",0
"Angelina",2017,"Black",NA
"Angelina",2017,"Other",0
"Angelina",2017,"White",NA
"Atascosa",2017,"Hispanic",NA
"Atascosa",2017,"Black",0
"Atascosa",2017,"Other",0
"Atascosa",2017,"White",NA
"Austin",2017,"Hispanic",NA
"Austin",2017,"Black",0
"Austin",2017,"Other",0
"Austin",2017,"White",0
"Bandera",2017,"Hispanic",0
"Bandera",2017,"Black",0
"Bandera",2017,"Other",0
"Bandera",2017,"White",NA
"Bastrop",2017,"Hispanic",NA
"Bastrop",2017,"Black",NA
"Bastrop",2017,"Other",NA
"Bastrop",2017,"White",NA
"Bee",2017,"Hispanic",NA
"Bee",2017,"Black",0
"Bee",2017,"Other",0
"Bee",2017,"White",0
"Bell",2017,"Hispanic",NA
"Bell",2017,"Black",16
"Bell",2017,"Other",NA
"Bell",2017,"White",18
"Bexar",2017,"Hispanic",128
"Bexar",2017,"Black",14
"Bexar",2017,"Other",NA
"Bexar",2017,"White",31
"Bosque",2017,"Hispanic",0
"Bosque",2017,"Black",0
"Bosque",2017,"Other",0
"Bosque",2017,"White",NA
"Bowie",2017,"Hispanic",0
"Bowie",2017,"Black",NA
"Bowie",2017,"Other",0
"Bowie",2017,"White",NA
"Brazoria",2017,"Hispanic",NA
"Brazoria",2017,"Black",NA
"Brazoria",2017,"Other",NA
"Brazoria",2017,"White",NA
"Brazos",2017,"Hispanic",NA
"Brazos",2017,"Black",NA
"Brazos",2017,"Other",NA
"Brazos",2017,"White",NA
"Brewster",2017,"Hispanic",NA
"Brewster",2017,"Black",0
"Brewster",2017,"Other",0
"Brewster",2017,"White",0
"Brown",2017,"Hispanic",0
"Brown",2017,"Black",0
"Brown",2017,"Other",0
"Brown",2017,"White",NA
"Burnet",2017,"Hispanic",0
"Burnet",2017,"Black",0
"Burnet",2017,"Other",0
"Burnet",2017,"White",NA
"Caldwell",2017,"Hispanic",NA
"Caldwell",2017,"Black",0
"Caldwell",2017,"Other",0
"Caldwell",2017,"White",NA
"Calhoun",2017,"Hispanic",NA
"Calhoun",2017,"Black",0
"Calhoun",2017,"Other",0
"Calhoun",2017,"White",0
"Callahan",2017,"Hispanic",0
"Callahan",2017,"Black",0
"Callahan",2017,"Other",0
"Callahan",2017,"White",NA
"Cameron",2017,"Hispanic",34
"Cameron",2017,"Black",0
"Cameron",2017,"Other",0
"Cameron",2017,"White",0
"Cass",2017,"Hispanic",0
"Cass",2017,"Black",0
"Cass",2017,"Other",NA
"Cass",2017,"White",NA
"Castro",2017,"Hispanic",NA
"Castro",2017,"Black",0
"Castro",2017,"Other",0
"Castro",2017,"White",NA
"Chambers",2017,"Hispanic",NA
"Chambers",2017,"Black",NA
"Chambers",2017,"Other",NA
"Chambers",2017,"White",NA
"Cherokee",2017,"Hispanic",NA
"Cherokee",2017,"Black",0
"Cherokee",2017,"Other",NA
"Cherokee",2017,"White",NA
"Childress",2017,"Hispanic",0
"Childress",2017,"Black",0
"Childress",2017,"Other",NA
"Childress",2017,"White",0
"Cochran",2017,"Hispanic",NA
"Cochran",2017,"Black",0
"Cochran",2017,"Other",0
"Cochran",2017,"White",0
"Collin",2017,"Hispanic",10
"Collin",2017,"Black",12
"Collin",2017,"Other",10
"Collin",2017,"White",22
"Colorado",2017,"Hispanic",NA
"Colorado",2017,"Black",0
"Colorado",2017,"Other",0
"Colorado",2017,"White",NA
"Comal",2017,"Hispanic",NA
"Comal",2017,"Black",NA
"Comal",2017,"Other",0
"Comal",2017,"White",NA
"Coryell",2017,"Hispanic",NA
"Coryell",2017,"Black",0
"Coryell",2017,"Other",0
"Coryell",2017,"White",NA
"Crosby",2017,"Hispanic",NA
"Crosby",2017,"Black",0
"Crosby",2017,"Other",0
"Crosby",2017,"White",0
"Dallam",2017,"Hispanic",NA
"Dallam",2017,"Black",0
"Dallam",2017,"Other",0
"Dallam",2017,"White",NA
"Dallas",2017,"Hispanic",108
"Dallas",2017,"Black",92
"Dallas",2017,"Other",21
"Dallas",2017,"White",40
"Dawson",2017,"Hispanic",NA
"Dawson",2017,"Black",0
"Dawson",2017,"Other",0
"Dawson",2017,"White",0
"Denton",2017,"Hispanic",14
"Denton",2017,"Black",NA
"Denton",2017,"Other",NA
"Denton",2017,"White",20
"Duval",2017,"Hispanic",NA
"Duval",2017,"Black",0
"Duval",2017,"Other",0
"Duval",2017,"White",0
"Eastland",2017,"Hispanic",0
"Eastland",2017,"Black",0
"Eastland",2017,"Other",0
"Eastland",2017,"White",NA
"Ector",2017,"Hispanic",NA
"Ector",2017,"Black",NA
"Ector",2017,"Other",NA
"Ector",2017,"White",NA
"El Paso",2017,"Hispanic",51
"El Paso",2017,"Black",NA
"El Paso",2017,"Other",0
"El Paso",2017,"White",NA
"Ellis",2017,"Hispanic",NA
"Ellis",2017,"Black",NA
"Ellis",2017,"Other",0
"Ellis",2017,"White",NA
"Erath",2017,"Hispanic",0
"Erath",2017,"Black",0
"Erath",2017,"Other",0
"Erath",2017,"White",NA
"Fannin",2017,"Hispanic",0
"Fannin",2017,"Black",NA
"Fannin",2017,"Other",NA
"Fannin",2017,"White",NA
"Fayette",2017,"Hispanic",0
"Fayette",2017,"Black",0
"Fayette",2017,"Other",0
"Fayette",2017,"White",NA
"Fort Bend",2017,"Hispanic",12
"Fort Bend",2017,"Black",NA
"Fort Bend",2017,"Other",NA
"Fort Bend",2017,"White",NA
"Franklin",2017,"Hispanic",0
"Franklin",2017,"Black",0
"Franklin",2017,"Other",0
"Franklin",2017,"White",NA
"Freestone",2017,"Hispanic",0
"Freestone",2017,"Black",NA
"Freestone",2017,"Other",0
"Freestone",2017,"White",0
"Frio",2017,"Hispanic",NA
"Frio",2017,"Black",0
"Frio",2017,"Other",0
"Frio",2017,"White",0
"Gaines",2017,"Hispanic",0
"Gaines",2017,"Black",0
"Gaines",2017,"Other",0
"Gaines",2017,"White",NA
"Galveston",2017,"Hispanic",NA
"Galveston",2017,"Black",NA
"Galveston",2017,"Other",0
"Galveston",2017,"White",NA
"Gonzales",2017,"Hispanic",NA
"Gonzales",2017,"Black",0
"Gonzales",2017,"Other",0
"Gonzales",2017,"White",0
"Gray",2017,"Hispanic",0
"Gray",2017,"Black",0
"Gray",2017,"Other",0
"Gray",2017,"White",NA
"Grayson",2017,"Hispanic",NA
"Grayson",2017,"Black",NA
"Grayson",2017,"Other",0
"Grayson",2017,"White",NA
"Gregg",2017,"Hispanic",NA
"Gregg",2017,"Black",NA
"Gregg",2017,"Other",0
"Gregg",2017,"White",NA
"Grimes",2017,"Hispanic",NA
"Grimes",2017,"Black",0
"Grimes",2017,"Other",0
"Grimes",2017,"White",NA
"Guadalupe",2017,"Hispanic",NA
"Guadalupe",2017,"Black",NA
"Guadalupe",2017,"Other",NA
"Guadalupe",2017,"White",NA
"Hale",2017,"Hispanic",NA
"Hale",2017,"Black",0
"Hale",2017,"Other",0
"Hale",2017,"White",NA
"Hansford",2017,"Hispanic",NA
"Hansford",2017,"Black",0
"Hansford",2017,"Other",0
"Hansford",2017,"White",0
"Hardin",2017,"Hispanic",0
"Hardin",2017,"Black",NA
"Hardin",2017,"Other",0
"Hardin",2017,"White",NA
"Harris",2017,"Hispanic",184
"Harris",2017,"Black",166
"Harris",2017,"Other",20
"Harris",2017,"White",60
"Harrison",2017,"Hispanic",NA
"Harrison",2017,"Black",NA
"Harrison",2017,"Other",0
"Harrison",2017,"White",NA
"Hays",2017,"Hispanic",NA
"Hays",2017,"Black",NA
"Hays",2017,"Other",0
"Hays",2017,"White",NA
"Henderson",2017,"Hispanic",0
"Henderson",2017,"Black",NA
"Henderson",2017,"Other",NA
"Henderson",2017,"White",NA
"Hidalgo",2017,"Hispanic",60
"Hidalgo",2017,"Black",0
"Hidalgo",2017,"Other",NA
"Hidalgo",2017,"White",NA
"Hockley",2017,"Hispanic",NA
"Hockley",2017,"Black",0
"Hockley",2017,"Other",0
"Hockley",2017,"White",NA
"Hood",2017,"Hispanic",0
"Hood",2017,"Black",0
"Hood",2017,"Other",0
"Hood",2017,"White",NA
"Hopkins",2017,"Hispanic",NA
"Hopkins",2017,"Black",0
"Hopkins",2017,"Other",0
"Hopkins",2017,"White",0
"Houston",2017,"Hispanic",0
"Houston",2017,"Black",0
"Houston",2017,"Other",0
"Houston",2017,"White",NA
"Howard",2017,"Hispanic",NA
"Howard",2017,"Black",0
"Howard",2017,"Other",0
"Howard",2017,"White",NA
"Hunt",2017,"Hispanic",NA
"Hunt",2017,"Black",NA
"Hunt",2017,"Other",0
"Hunt",2017,"White",NA
"Hutchinson",2017,"Hispanic",NA
"Hutchinson",2017,"Black",NA
"Hutchinson",2017,"Other",0
"Hutchinson",2017,"White",0
"Jack",2017,"Hispanic",0
"Jack",2017,"Black",0
"Jack",2017,"Other",0
"Jack",2017,"White",NA
"Jasper",2017,"Hispanic",NA
"Jasper",2017,"Black",NA
"Jasper",2017,"Other",0
"Jasper",2017,"White",NA
"Jefferson",2017,"Hispanic",NA
"Jefferson",2017,"Black",17
"Jefferson",2017,"Other",0
"Jefferson",2017,"White",NA
"Jim Wells",2017,"Hispanic",NA
"Jim Wells",2017,"Black",0
"Jim Wells",2017,"Other",0
"Jim Wells",2017,"White",NA
"Johnson",2017,"Hispanic",NA
"Johnson",2017,"Black",0
"Johnson",2017,"Other",0
"Johnson",2017,"White",NA
"Jones",2017,"Hispanic",NA
"Jones",2017,"Black",0
"Jones",2017,"Other",0
"Jones",2017,"White",NA
"Karnes",2017,"Hispanic",NA
"Karnes",2017,"Black",0
"Karnes",2017,"Other",0
"Karnes",2017,"White",0
"Kaufman",2017,"Hispanic",0
"Kaufman",2017,"Black",NA
"Kaufman",2017,"Other",0
"Kaufman",2017,"White",NA
"Kendall",2017,"Hispanic",NA
"Kendall",2017,"Black",0
"Kendall",2017,"Other",0
"Kendall",2017,"White",NA
"Kerr",2017,"Hispanic",NA
"Kerr",2017,"Black",0
"Kerr",2017,"Other",NA
"Kerr",2017,"White",NA
"La Salle",2017,"Hispanic",NA
"La Salle",2017,"Black",0
"La Salle",2017,"Other",0
"La Salle",2017,"White",0
"Lamar",2017,"Hispanic",0
"Lamar",2017,"Black",0
"Lamar",2017,"Other",0
"Lamar",2017,"White",NA
"Lampasas",2017,"Hispanic",NA
"Lampasas",2017,"Black",0
"Lampasas",2017,"Other",0
"Lampasas",2017,"White",0
"Lavaca",2017,"Hispanic",0
"Lavaca",2017,"Black",0
"Lavaca",2017,"Other",0
"Lavaca",2017,"White",NA
"Leon",2017,"Hispanic",0
"Leon",2017,"Black",0
"Leon",2017,"Other",0
"Leon",2017,"White",NA
"Liberty",2017,"Hispanic",NA
"Liberty",2017,"Black",NA
"Liberty",2017,"Other",0
"Liberty",2017,"White",NA
"Limestone",2017,"Hispanic",0
"Limestone",2017,"Black",0
"Limestone",2017,"Other",0
"Limestone",2017,"White",NA
"Lipscomb",2017,"Hispanic",0
"Lipscomb",2017,"Black",0
"Lipscomb",2017,"Other",0
"Lipscomb",2017,"White",NA
"Live Oak",2017,"Hispanic",NA
"Live Oak",2017,"Black",0
"Live Oak",2017,"Other",0
"Live Oak",2017,"White",0
"Lubbock",2017,"Hispanic",NA
"Lubbock",2017,"Black",NA
"Lubbock",2017,"Other",0
"Lubbock",2017,"White",NA
"Martin",2017,"Hispanic",NA
"Martin",2017,"Black",0
"Martin",2017,"Other",0
"Martin",2017,"White",0
"Matagorda",2017,"Hispanic",0
"Matagorda",2017,"Black",0
"Matagorda",2017,"Other",0
"Matagorda",2017,"White",NA
"Maverick",2017,"Hispanic",NA
"Maverick",2017,"Black",0
"Maverick",2017,"Other",NA
"Maverick",2017,"White",0
"Mclennan",2017,"Hispanic",NA
"Mclennan",2017,"Black",NA
"Mclennan",2017,"Other",NA
"Mclennan",2017,"White",NA
"Medina",2017,"Hispanic",NA
"Medina",2017,"Black",0
"Medina",2017,"Other",NA
"Medina",2017,"White",NA
"Menard",2017,"Hispanic",NA
"Menard",2017,"Black",0
"Menard",2017,"Other",0
"Menard",2017,"White",0
"Midland",2017,"Hispanic",NA
"Midland",2017,"Black",NA
"Midland",2017,"Other",0
"Midland",2017,"White",NA
"Milam",2017,"Hispanic",0
"Milam",2017,"Black",NA
"Milam",2017,"Other",0
"Milam",2017,"White",NA
"Mitchell",2017,"Hispanic",0
"Mitchell",2017,"Black",0
"Mitchell",2017,"Other",0
"Mitchell",2017,"White",NA
"Montague",2017,"Hispanic",0
"Montague",2017,"Black",0
"Montague",2017,"Other",0
"Montague",2017,"White",NA
"Montgomery",2017,"Hispanic",NA
"Montgomery",2017,"Black",0
"Montgomery",2017,"Other",NA
"Montgomery",2017,"White",15
"Moore",2017,"Hispanic",0
"Moore",2017,"Black",NA
"Moore",2017,"Other",0
"Moore",2017,"White",0
"Morris",2017,"Hispanic",NA
"Morris",2017,"Black",NA
"Morris",2017,"Other",NA
"Morris",2017,"White",0
"Nacogdoches",2017,"Hispanic",NA
"Nacogdoches",2017,"Black",0
"Nacogdoches",2017,"Other",0
"Nacogdoches",2017,"White",0
"Navarro",2017,"Hispanic",NA
"Navarro",2017,"Black",NA
"Navarro",2017,"Other",0
"Navarro",2017,"White",NA
"Newton",2017,"Hispanic",0
"Newton",2017,"Black",0
"Newton",2017,"Other",0
"Newton",2017,"White",NA
"Nueces",2017,"Hispanic",10
"Nueces",2017,"Black",NA
"Nueces",2017,"Other",NA
"Nueces",2017,"White",NA
"Ochiltree",2017,"Hispanic",0
"Ochiltree",2017,"Black",0
"Ochiltree",2017,"Other",0
"Ochiltree",2017,"White",NA
"Orange",2017,"Hispanic",NA
"Orange",2017,"Black",NA
"Orange",2017,"Other",0
"Orange",2017,"White",NA
"Palo Pinto",2017,"Hispanic",0
"Palo Pinto",2017,"Black",0
"Palo Pinto",2017,"Other",0
"Palo Pinto",2017,"White",NA
"Panola",2017,"Hispanic",NA
"Panola",2017,"Black",0
"Panola",2017,"Other",NA
"Panola",2017,"White",0
"Parker",2017,"Hispanic",NA
"Parker",2017,"Black",NA
"Parker",2017,"Other",0
"Parker",2017,"White",NA
"Parmer",2017,"Hispanic",NA
"Parmer",2017,"Black",0
"Parmer",2017,"Other",0
"Parmer",2017,"White",0
"Polk",2017,"Hispanic",NA
"Polk",2017,"Black",0
"Polk",2017,"Other",0
"Polk",2017,"White",NA
"Potter",2017,"Hispanic",NA
"Potter",2017,"Black",NA
"Potter",2017,"Other",0
"Potter",2017,"White",NA
"Rains",2017,"Hispanic",0
"Rains",2017,"Black",0
"Rains",2017,"Other",0
"Rains",2017,"White",NA
"Randall",2017,"Hispanic",NA
"Randall",2017,"Black",NA
"Randall",2017,"Other",NA
"Randall",2017,"White",NA
"Red River",2017,"Hispanic",0
"Red River",2017,"Black",NA
"Red River",2017,"Other",0
"Red River",2017,"White",NA
"Reeves",2017,"Hispanic",0
"Reeves",2017,"Black",0
"Reeves",2017,"Other",0
"Reeves",2017,"White",NA
"Robertson",2017,"Hispanic",NA
"Robertson",2017,"Black",NA
"Robertson",2017,"Other",0
"Robertson",2017,"White",NA
"Rockwall",2017,"Hispanic",NA
"Rockwall",2017,"Black",0
"Rockwall",2017,"Other",0
"Rockwall",2017,"White",NA
"Rusk",2017,"Hispanic",NA
"Rusk",2017,"Black",NA
"Rusk",2017,"Other",0
"Rusk",2017,"White",NA
"San Augustine",2017,"Hispanic",0
"San Augustine",2017,"Black",NA
"San Augustine",2017,"Other",0
"San Augustine",2017,"White",0
"San Jacinto",2017,"Hispanic",NA
"San Jacinto",2017,"Black",0
"San Jacinto",2017,"Other",0
"San Jacinto",2017,"White",NA
"San Patricio",2017,"Hispanic",NA
"San Patricio",2017,"Black",0
"San Patricio",2017,"Other",0
"San Patricio",2017,"White",NA
"Shelby",2017,"Hispanic",NA
"Shelby",2017,"Black",0
"Shelby",2017,"Other",0
"Shelby",2017,"White",NA
"Sherman",2017,"Hispanic",0
"Sherman",2017,"Black",0
"Sherman",2017,"Other",0
"Sherman",2017,"White",NA
"Smith",2017,"Hispanic",NA
"Smith",2017,"Black",14
"Smith",2017,"Other",0
"Smith",2017,"White",NA
"Somervell",2017,"Hispanic",0
"Somervell",2017,"Black",0
"Somervell",2017,"Other",0
"Somervell",2017,"White",NA
"Starr",2017,"Hispanic",NA
"Starr",2017,"Black",0
"Starr",2017,"Other",0
"Starr",2017,"White",0
"Stephens",2017,"Hispanic",NA
"Stephens",2017,"Black",0
"Stephens",2017,"Other",0
"Stephens",2017,"White",NA
"Swisher",2017,"Hispanic",0
"Swisher",2017,"Black",NA
"Swisher",2017,"Other",0
"Swisher",2017,"White",0
"Tarrant",2017,"Hispanic",64
"Tarrant",2017,"Black",49
"Tarrant",2017,"Other",13
"Tarrant",2017,"White",55
"Taylor",2017,"Hispanic",NA
"Taylor",2017,"Black",NA
"Taylor",2017,"Other",0
"Taylor",2017,"White",NA
"Terrell",2017,"Hispanic",NA
"Terrell",2017,"Black",0
"Terrell",2017,"Other",0
"Terrell",2017,"White",0
"Titus",2017,"Hispanic",NA
"Titus",2017,"Black",0
"Titus",2017,"Other",0
"Titus",2017,"White",NA
"Tom Green",2017,"Hispanic",NA
"Tom Green",2017,"Black",NA
"Tom Green",2017,"Other",0
"Tom Green",2017,"White",NA
"Travis",2017,"Hispanic",32
"Travis",2017,"Black",NA
"Travis",2017,"Other",NA
"Travis",2017,"White",18
"Tyler",2017,"Hispanic",0
"Tyler",2017,"Black",NA
"Tyler",2017,"Other",0
"Tyler",2017,"White",NA
"Upshur",2017,"Hispanic",NA
"Upshur",2017,"Black",NA
"Upshur",2017,"Other",0
"Upshur",2017,"White",NA
"Uvalde",2017,"Hispanic",NA
"Uvalde",2017,"Black",0
"Uvalde",2017,"Other",0
"Uvalde",2017,"White",0
"Val Verde",2017,"Hispanic",NA
"Val Verde",2017,"Black",0
"Val Verde",2017,"Other",0
"Val Verde",2017,"White",0
"Van Zandt",2017,"Hispanic",NA
"Van Zandt",2017,"Black",0
"Van Zandt",2017,"Other",0
"Van Zandt",2017,"White",NA
"Victoria",2017,"Hispanic",NA
"Victoria",2017,"Black",0
"Victoria",2017,"Other",0
"Victoria",2017,"White",0
"Walker",2017,"Hispanic",0
"Walker",2017,"Black",0
"Walker",2017,"Other",0
"Walker",2017,"White",NA
"Waller",2017,"Hispanic",NA
"Waller",2017,"Black",0
"Waller",2017,"Other",0
"Waller",2017,"White",0
"Ward",2017,"Hispanic",0
"Ward",2017,"Black",0
"Ward",2017,"Other",0
"Ward",2017,"White",NA
"Washington",2017,"Hispanic",0
"Washington",2017,"Black",NA
"Washington",2017,"Other",0
"Washington",2017,"White",0
"Webb",2017,"Hispanic",28
"Webb",2017,"Black",0
"Webb",2017,"Other",0
"Webb",2017,"White",0
"Wharton",2017,"Hispanic",NA
"Wharton",2017,"Black",0
"Wharton",2017,"Other",0
"Wharton",2017,"White",0
"Wheeler",2017,"Hispanic",0
"Wheeler",2017,"Black",0
"Wheeler",2017,"Other",0
"Wheeler",2017,"White",NA
"Wichita",2017,"Hispanic",NA
"Wichita",2017,"Black",NA
"Wichita",2017,"Other",NA
"Wichita",2017,"White",NA
"Wilbarger",2017,"Hispanic",0
"Wilbarger",2017,"Black",0
"Wilbarger",2017,"Other",0
"Wilbarger",2017,"White",NA
"Willacy",2017,"Hispanic",NA
"Willacy",2017,"Black",0
"Willacy",2017,"Other",0
"Willacy",2017,"White",0
"Williamson",2017,"Hispanic",NA
"Williamson",2017,"Black",NA
"Williamson",2017,"Other",NA
"Williamson",2017,"White",15
"Wilson",2017,"Hispanic",NA
"Wilson",2017,"Black",0
"Wilson",2017,"Other",0
"Wilson",2017,"White",0
"Winkler",2017,"Hispanic",0
"Winkler",2017,"Black",0
"Winkler",2017,"Other",0
"Winkler",2017,"White",NA
"Wise",2017,"Hispanic",0
"Wise",2017,"Black",NA
"Wise",2017,"Other",NA
"Wise",2017,"White",NA
"Wood",2017,"Hispanic",0
"Wood",2017,"Black",0
"Wood",2017,"Other",0
"Wood",2017,"White",NA
"Anderson",2016,"Hispanic",0
"Anderson",2016,"Black",0
"Anderson",2016,"Other",0
"Anderson",2016,"White",NA
"Andrews",2016,"Hispanic",NA
"Andrews",2016,"Black",0
"Andrews",2016,"Other",0
"Andrews",2016,"White",NA
"Angelina",2016,"Hispanic",NA
"Angelina",2016,"Black",NA
"Angelina",2016,"Other",NA
"Angelina",2016,"White",NA
"Archer",2016,"Hispanic",0
"Archer",2016,"Black",0
"Archer",2016,"Other",0
"Archer",2016,"White",NA
"Atascosa",2016,"Hispanic",NA
"Atascosa",2016,"Black",0
"Atascosa",2016,"Other",0
"Atascosa",2016,"White",0
"Bailey",2016,"Hispanic",NA
"Bailey",2016,"Black",0
"Bailey",2016,"Other",0
"Bailey",2016,"White",0
"Bandera",2016,"Hispanic",0
"Bandera",2016,"Black",0
"Bandera",2016,"Other",0
"Bandera",2016,"White",NA
"Bastrop",2016,"Hispanic",NA
"Bastrop",2016,"Black",0
"Bastrop",2016,"Other",0
"Bastrop",2016,"White",NA
"Bee",2016,"Hispanic",NA
"Bee",2016,"Black",0
"Bee",2016,"Other",0
"Bee",2016,"White",0
"Bell",2016,"Hispanic",12
"Bell",2016,"Black",16
"Bell",2016,"Other",NA
"Bell",2016,"White",10
"Bexar",2016,"Hispanic",112
"Bexar",2016,"Black",22
"Bexar",2016,"Other",NA
"Bexar",2016,"White",39
"Blanco",2016,"Hispanic",0
"Blanco",2016,"Black",0
"Blanco",2016,"Other",0
"Blanco",2016,"White",NA
"Bosque",2016,"Hispanic",0
"Bosque",2016,"Black",0
"Bosque",2016,"Other",0
"Bosque",2016,"White",NA
"Bowie",2016,"Hispanic",0
"Bowie",2016,"Black",NA
"Bowie",2016,"Other",0
"Bowie",2016,"White",NA
"Brazoria",2016,"Hispanic",NA
"Brazoria",2016,"Black",NA
"Brazoria",2016,"Other",NA
"Brazoria",2016,"White",10
"Brazos",2016,"Hispanic",NA
"Brazos",2016,"Black",NA
"Brazos",2016,"Other",NA
"Brazos",2016,"White",NA
"Brooks",2016,"Hispanic",NA
"Brooks",2016,"Black",0
"Brooks",2016,"Other",0
"Brooks",2016,"White",0
"Brown",2016,"Hispanic",NA
"Brown",2016,"Black",0
"Brown",2016,"Other",0
"Brown",2016,"White",NA
"Burleson",2016,"Hispanic",0
"Burleson",2016,"Black",0
"Burleson",2016,"Other",0
"Burleson",2016,"White",NA
"Burnet",2016,"Hispanic",0
"Burnet",2016,"Black",0
"Burnet",2016,"Other",0
"Burnet",2016,"White",NA
"Caldwell",2016,"Hispanic",NA
"Caldwell",2016,"Black",0
"Caldwell",2016,"Other",0
"Caldwell",2016,"White",NA
"Calhoun",2016,"Hispanic",0
"Calhoun",2016,"Black",0
"Calhoun",2016,"Other",NA
"Calhoun",2016,"White",0
"Callahan",2016,"Hispanic",NA
"Callahan",2016,"Black",0
"Callahan",2016,"Other",0
"Callahan",2016,"White",NA
"Cameron",2016,"Hispanic",36
"Cameron",2016,"Black",0
"Cameron",2016,"Other",0
"Cameron",2016,"White",NA
"Camp",2016,"Hispanic",0
"Camp",2016,"Black",0
"Camp",2016,"Other",0
"Camp",2016,"White",NA
"Chambers",2016,"Hispanic",0
"Chambers",2016,"Black",0
"Chambers",2016,"Other",0
"Chambers",2016,"White",NA
"Cherokee",2016,"Hispanic",NA
"Cherokee",2016,"Black",NA
"Cherokee",2016,"Other",0
"Cherokee",2016,"White",NA
"Childress",2016,"Hispanic",0
"Childress",2016,"Black",NA
"Childress",2016,"Other",0
"Childress",2016,"White",NA
"Cochran",2016,"Hispanic",0
"Cochran",2016,"Black",0
"Cochran",2016,"Other",0
"Cochran",2016,"White",NA
"Collin",2016,"Hispanic",NA
"Collin",2016,"Black",10
"Collin",2016,"Other",10
"Collin",2016,"White",22
"Colorado",2016,"Hispanic",0
"Colorado",2016,"Black",NA
"Colorado",2016,"Other",0
"Colorado",2016,"White",0
"Comal",2016,"Hispanic",NA
"Comal",2016,"Black",0
"Comal",2016,"Other",NA
"Comal",2016,"White",NA
"Comanche",2016,"Hispanic",NA
"Comanche",2016,"Black",0
"Comanche",2016,"Other",0
"Comanche",2016,"White",NA
"Cooke",2016,"Hispanic",NA
"Cooke",2016,"Black",0
"Cooke",2016,"Other",0
"Cooke",2016,"White",NA
"Coryell",2016,"Hispanic",NA
"Coryell",2016,"Black",NA
"Coryell",2016,"Other",0
"Coryell",2016,"White",NA
"Crosby",2016,"Hispanic",NA
"Crosby",2016,"Black",0
"Crosby",2016,"Other",0
"Crosby",2016,"White",0
"Dallam",2016,"Hispanic",NA
"Dallam",2016,"Black",0
"Dallam",2016,"Other",0
"Dallam",2016,"White",0
"Dallas",2016,"Hispanic",103
"Dallas",2016,"Black",90
"Dallas",2016,"Other",12
"Dallas",2016,"White",34
"Dawson",2016,"Hispanic",NA
"Dawson",2016,"Black",0
"Dawson",2016,"Other",0
"Dawson",2016,"White",0
"Deaf Smith",2016,"Hispanic",NA
"Deaf Smith",2016,"Black",0
"Deaf Smith",2016,"Other",0
"Deaf Smith",2016,"White",NA
"Denton",2016,"Hispanic",14
"Denton",2016,"Black",NA
"Denton",2016,"Other",NA
"Denton",2016,"White",25
"Dimmit",2016,"Hispanic",NA
"Dimmit",2016,"Black",0
"Dimmit",2016,"Other",0
"Dimmit",2016,"White",0
"Eastland",2016,"Hispanic",0
"Eastland",2016,"Black",0
"Eastland",2016,"Other",0
"Eastland",2016,"White",NA
"Ector",2016,"Hispanic",22
"Ector",2016,"Black",0
"Ector",2016,"Other",0
"Ector",2016,"White",NA
"El Paso",2016,"Hispanic",40
"El Paso",2016,"Black",NA
"El Paso",2016,"Other",0
"El Paso",2016,"White",NA
"Ellis",2016,"Hispanic",NA
"Ellis",2016,"Black",NA
"Ellis",2016,"Other",0
"Ellis",2016,"White",NA
"Erath",2016,"Hispanic",NA
"Erath",2016,"Black",0
"Erath",2016,"Other",0
"Erath",2016,"White",NA
"Falls",2016,"Hispanic",NA
"Falls",2016,"Black",NA
"Falls",2016,"Other",NA
"Falls",2016,"White",0
"Fannin",2016,"Hispanic",NA
"Fannin",2016,"Black",0
"Fannin",2016,"Other",NA
"Fannin",2016,"White",NA
"Fayette",2016,"Hispanic",0
"Fayette",2016,"Black",0
"Fayette",2016,"Other",0
"Fayette",2016,"White",NA
"Fort Bend",2016,"Hispanic",NA
"Fort Bend",2016,"Black",14
"Fort Bend",2016,"Other",10
"Fort Bend",2016,"White",16
"Frio",2016,"Hispanic",NA
"Frio",2016,"Black",0
"Frio",2016,"Other",0
"Frio",2016,"White",0
"Galveston",2016,"Hispanic",NA
"Galveston",2016,"Black",NA
"Galveston",2016,"Other",NA
"Galveston",2016,"White",NA
"Gillespie",2016,"Hispanic",NA
"Gillespie",2016,"Black",0
"Gillespie",2016,"Other",0
"Gillespie",2016,"White",0
"Goliad",2016,"Hispanic",0
"Goliad",2016,"Black",0
"Goliad",2016,"Other",0
"Goliad",2016,"White",NA
"Gonzales",2016,"Hispanic",NA
"Gonzales",2016,"Black",0
"Gonzales",2016,"Other",0
"Gonzales",2016,"White",NA
"Gray",2016,"Hispanic",NA
"Gray",2016,"Black",0
"Gray",2016,"Other",0
"Gray",2016,"White",NA
"Grayson",2016,"Hispanic",NA
"Grayson",2016,"Black",0
"Grayson",2016,"Other",NA
"Grayson",2016,"White",NA
"Gregg",2016,"Hispanic",NA
"Gregg",2016,"Black",NA
"Gregg",2016,"Other",0
"Gregg",2016,"White",NA
"Grimes",2016,"Hispanic",NA
"Grimes",2016,"Black",NA
"Grimes",2016,"Other",0
"Grimes",2016,"White",0
"Guadalupe",2016,"Hispanic",NA
"Guadalupe",2016,"Black",NA
"Guadalupe",2016,"Other",NA
"Guadalupe",2016,"White",NA
"Hale",2016,"Hispanic",NA
"Hale",2016,"Black",0
"Hale",2016,"Other",0
"Hale",2016,"White",0
"Hall",2016,"Hispanic",NA
"Hall",2016,"Black",0
"Hall",2016,"Other",0
"Hall",2016,"White",0
"Hardin",2016,"Hispanic",0
"Hardin",2016,"Black",NA
"Hardin",2016,"Other",0
"Hardin",2016,"White",NA
"Harris",2016,"Hispanic",175
"Harris",2016,"Black",165
"Harris",2016,"Other",18
"Harris",2016,"White",78
"Harrison",2016,"Hispanic",NA
"Harrison",2016,"Black",NA
"Harrison",2016,"Other",0
"Harrison",2016,"White",NA
"Hays",2016,"Hispanic",NA
"Hays",2016,"Black",NA
"Hays",2016,"Other",0
"Hays",2016,"White",NA
"Henderson",2016,"Hispanic",NA
"Henderson",2016,"Black",NA
"Henderson",2016,"Other",0
"Henderson",2016,"White",NA
"Hidalgo",2016,"Hispanic",67
"Hidalgo",2016,"Black",0
"Hidalgo",2016,"Other",0
"Hidalgo",2016,"White",NA
"Hill",2016,"Hispanic",NA
"Hill",2016,"Black",NA
"Hill",2016,"Other",0
"Hill",2016,"White",NA
"Hood",2016,"Hispanic",NA
"Hood",2016,"Black",0
"Hood",2016,"Other",0
"Hood",2016,"White",NA
"Hopkins",2016,"Hispanic",0
"Hopkins",2016,"Black",0
"Hopkins",2016,"Other",0
"Hopkins",2016,"White",NA
"Howard",2016,"Hispanic",NA
"Howard",2016,"Black",0
"Howard",2016,"Other",0
"Howard",2016,"White",0
"Hudspeth",2016,"Hispanic",NA
"Hudspeth",2016,"Black",0
"Hudspeth",2016,"Other",0
"Hudspeth",2016,"White",0
"Hunt",2016,"Hispanic",NA
"Hunt",2016,"Black",0
"Hunt",2016,"Other",0
"Hunt",2016,"White",NA
"Hutchinson",2016,"Hispanic",NA
"Hutchinson",2016,"Black",0
"Hutchinson",2016,"Other",0
"Hutchinson",2016,"White",NA
"Jackson",2016,"Hispanic",NA
"Jackson",2016,"Black",0
"Jackson",2016,"Other",0
"Jackson",2016,"White",0
"Jasper",2016,"Hispanic",0
"Jasper",2016,"Black",0
"Jasper",2016,"Other",0
"Jasper",2016,"White",NA
"Jefferson",2016,"Hispanic",NA
"Jefferson",2016,"Black",23
"Jefferson",2016,"Other",NA
"Jefferson",2016,"White",NA
"Jim Wells",2016,"Hispanic",NA
"Jim Wells",2016,"Black",0
"Jim Wells",2016,"Other",0
"Jim Wells",2016,"White",0
"Johnson",2016,"Hispanic",NA
"Johnson",2016,"Black",0
"Johnson",2016,"Other",0
"Johnson",2016,"White",12
"Jones",2016,"Hispanic",0
"Jones",2016,"Black",0
"Jones",2016,"Other",0
"Jones",2016,"White",NA
"Karnes",2016,"Hispanic",NA
"Karnes",2016,"Black",0
"Karnes",2016,"Other",0
"Karnes",2016,"White",0
"Kaufman",2016,"Hispanic",NA
"Kaufman",2016,"Black",NA
"Kaufman",2016,"Other",0
"Kaufman",2016,"White",NA
"Kendall",2016,"Hispanic",0
"Kendall",2016,"Black",0
"Kendall",2016,"Other",0
"Kendall",2016,"White",NA
"Kerr",2016,"Hispanic",0
"Kerr",2016,"Black",0
"Kerr",2016,"Other",0
"Kerr",2016,"White",NA
"Kimble",2016,"Hispanic",0
"Kimble",2016,"Black",0
"Kimble",2016,"Other",0
"Kimble",2016,"White",NA
"Kleberg",2016,"Hispanic",NA
"Kleberg",2016,"Black",NA
"Kleberg",2016,"Other",0
"Kleberg",2016,"White",0
"Lamar",2016,"Hispanic",0
"Lamar",2016,"Black",NA
"Lamar",2016,"Other",0
"Lamar",2016,"White",NA
"Lamb",2016,"Hispanic",0
"Lamb",2016,"Black",0
"Lamb",2016,"Other",0
"Lamb",2016,"White",NA
"Lavaca",2016,"Hispanic",0
"Lavaca",2016,"Black",0
"Lavaca",2016,"Other",0
"Lavaca",2016,"White",NA
"Lee",2016,"Hispanic",NA
"Lee",2016,"Black",NA
"Lee",2016,"Other",0
"Lee",2016,"White",NA
"Liberty",2016,"Hispanic",NA
"Liberty",2016,"Black",NA
"Liberty",2016,"Other",0
"Liberty",2016,"White",NA
"Limestone",2016,"Hispanic",0
"Limestone",2016,"Black",0
"Limestone",2016,"Other",0
"Limestone",2016,"White",NA
"Lipscomb",2016,"Hispanic",NA
"Lipscomb",2016,"Black",0
"Lipscomb",2016,"Other",0
"Lipscomb",2016,"White",0
"Llano",2016,"Hispanic",NA
"Llano",2016,"Black",0
"Llano",2016,"Other",0
"Llano",2016,"White",0
"Lubbock",2016,"Hispanic",NA
"Lubbock",2016,"Black",NA
"Lubbock",2016,"Other",NA
"Lubbock",2016,"White",11
"Lynn",2016,"Hispanic",NA
"Lynn",2016,"Black",0
"Lynn",2016,"Other",0
"Lynn",2016,"White",0
"Madison",2016,"Hispanic",NA
"Madison",2016,"Black",0
"Madison",2016,"Other",0
"Madison",2016,"White",NA
"Marion",2016,"Hispanic",0
"Marion",2016,"Black",0
"Marion",2016,"Other",0
"Marion",2016,"White",NA
"Martin",2016,"Hispanic",0
"Martin",2016,"Black",NA
"Martin",2016,"Other",0
"Martin",2016,"White",0
"Matagorda",2016,"Hispanic",NA
"Matagorda",2016,"Black",NA
"Matagorda",2016,"Other",NA
"Matagorda",2016,"White",0
"Maverick",2016,"Hispanic",NA
"Maverick",2016,"Black",0
"Maverick",2016,"Other",0
"Maverick",2016,"White",0
"Mcculloch",2016,"Hispanic",0
"Mcculloch",2016,"Black",0
"Mcculloch",2016,"Other",0
"Mcculloch",2016,"White",NA
"Mclennan",2016,"Hispanic",NA
"Mclennan",2016,"Black",NA
"Mclennan",2016,"Other",NA
"Mclennan",2016,"White",NA
"Medina",2016,"Hispanic",NA
"Medina",2016,"Black",0
"Medina",2016,"Other",0
"Medina",2016,"White",0
"Midland",2016,"Hispanic",12
"Midland",2016,"Black",NA
"Midland",2016,"Other",0
"Midland",2016,"White",NA
"Milam",2016,"Hispanic",0
"Milam",2016,"Black",NA
"Milam",2016,"Other",0
"Milam",2016,"White",0
"Montague",2016,"Hispanic",0
"Montague",2016,"Black",0
"Montague",2016,"Other",0
"Montague",2016,"White",NA
"Montgomery",2016,"Hispanic",19
"Montgomery",2016,"Black",NA
"Montgomery",2016,"Other",0
"Montgomery",2016,"White",23
"Moore",2016,"Hispanic",NA
"Moore",2016,"Black",0
"Moore",2016,"Other",NA
"Moore",2016,"White",0
"Morris",2016,"Hispanic",0
"Morris",2016,"Black",0
"Morris",2016,"Other",0
"Morris",2016,"White",NA
"Nacogdoches",2016,"Hispanic",0
"Nacogdoches",2016,"Black",0
"Nacogdoches",2016,"Other",0
"Nacogdoches",2016,"White",NA
"Navarro",2016,"Hispanic",NA
"Navarro",2016,"Black",NA
"Navarro",2016,"Other",0
"Navarro",2016,"White",NA
"Nolan",2016,"Hispanic",NA
"Nolan",2016,"Black",0
"Nolan",2016,"Other",0
"Nolan",2016,"White",NA
"Nueces",2016,"Hispanic",16
"Nueces",2016,"Black",NA
"Nueces",2016,"Other",0
"Nueces",2016,"White",NA
"Ochiltree",2016,"Hispanic",0
"Ochiltree",2016,"Black",0
"Ochiltree",2016,"Other",0
"Ochiltree",2016,"White",NA
"Orange",2016,"Hispanic",0
"Orange",2016,"Black",0
"Orange",2016,"Other",0
"Orange",2016,"White",10
"Palo Pinto",2016,"Hispanic",0
"Palo Pinto",2016,"Black",0
"Palo Pinto",2016,"Other",0
"Palo Pinto",2016,"White",NA
"Panola",2016,"Hispanic",NA
"Panola",2016,"Black",NA
"Panola",2016,"Other",0
"Panola",2016,"White",NA
"Parker",2016,"Hispanic",NA
"Parker",2016,"Black",0
"Parker",2016,"Other",0
"Parker",2016,"White",NA
"Parmer",2016,"Hispanic",NA
"Parmer",2016,"Black",0
"Parmer",2016,"Other",0
"Parmer",2016,"White",0
"Pecos",2016,"Hispanic",NA
"Pecos",2016,"Black",0
"Pecos",2016,"Other",0
"Pecos",2016,"White",0
"Polk",2016,"Hispanic",0
"Polk",2016,"Black",0
"Polk",2016,"Other",0
"Polk",2016,"White",NA
"Potter",2016,"Hispanic",NA
"Potter",2016,"Black",NA
"Potter",2016,"Other",NA
"Potter",2016,"White",NA
"Randall",2016,"Hispanic",NA
"Randall",2016,"Black",NA
"Randall",2016,"Other",NA
"Randall",2016,"White",NA
"Reagan",2016,"Hispanic",NA
"Reagan",2016,"Black",0
"Reagan",2016,"Other",0
"Reagan",2016,"White",0
"Red River",2016,"Hispanic",0
"Red River",2016,"Black",0
"Red River",2016,"Other",0
"Red River",2016,"White",NA
"Reeves",2016,"Hispanic",NA
"Reeves",2016,"Black",0
"Reeves",2016,"Other",0
"Reeves",2016,"White",NA
"Refugio",2016,"Hispanic",NA
"Refugio",2016,"Black",0
"Refugio",2016,"Other",0
"Refugio",2016,"White",0
"Robertson",2016,"Hispanic",NA
"Robertson",2016,"Black",NA
"Robertson",2016,"Other",0
"Robertson",2016,"White",0
"Rockwall",2016,"Hispanic",NA
"Rockwall",2016,"Black",0
"Rockwall",2016,"Other",0
"Rockwall",2016,"White",0
"Runnels",2016,"Hispanic",NA
"Runnels",2016,"Black",0
"Runnels",2016,"Other",0
"Runnels",2016,"White",0
"Rusk",2016,"Hispanic",NA
"Rusk",2016,"Black",NA
"Rusk",2016,"Other",0
"Rusk",2016,"White",NA
"Sabine",2016,"Hispanic",0
"Sabine",2016,"Black",0
"Sabine",2016,"Other",0
"Sabine",2016,"White",NA
"San Augustine",2016,"Hispanic",0
"San Augustine",2016,"Black",0
"San Augustine",2016,"Other",0
"San Augustine",2016,"White",NA
"San Jacinto",2016,"Hispanic",NA
"San Jacinto",2016,"Black",0
"San Jacinto",2016,"Other",0
"San Jacinto",2016,"White",NA
"San Patricio",2016,"Hispanic",NA
"San Patricio",2016,"Black",0
"San Patricio",2016,"Other",0
"San Patricio",2016,"White",0
"Scurry",2016,"Hispanic",NA
"Scurry",2016,"Black",0
"Scurry",2016,"Other",0
"Scurry",2016,"White",0
"Shelby",2016,"Hispanic",0
"Shelby",2016,"Black",0
"Shelby",2016,"Other",0
"Shelby",2016,"White",NA
"Smith",2016,"Hispanic",NA
"Smith",2016,"Black",NA
"Smith",2016,"Other",NA
"Smith",2016,"White",NA
"Somervell",2016,"Hispanic",NA
"Somervell",2016,"Black",0
"Somervell",2016,"Other",0
"Somervell",2016,"White",0
"Starr",2016,"Hispanic",NA
"Starr",2016,"Black",0
"Starr",2016,"Other",0
"Starr",2016,"White",0
"Stephens",2016,"Hispanic",0
"Stephens",2016,"Black",0
"Stephens",2016,"Other",0
"Stephens",2016,"White",NA
"Swisher",2016,"Hispanic",NA
"Swisher",2016,"Black",0
"Swisher",2016,"Other",0
"Swisher",2016,"White",0
"Tarrant",2016,"Hispanic",61
"Tarrant",2016,"Black",48
"Tarrant",2016,"Other",11
"Tarrant",2016,"White",58
"Taylor",2016,"Hispanic",NA
"Taylor",2016,"Black",NA
"Taylor",2016,"Other",NA
"Taylor",2016,"White",NA
"Terry",2016,"Hispanic",NA
"Terry",2016,"Black",0
"Terry",2016,"Other",0
"Terry",2016,"White",NA
"Titus",2016,"Hispanic",NA
"Titus",2016,"Black",0
"Titus",2016,"Other",0
"Titus",2016,"White",0
"Tom Green",2016,"Hispanic",NA
"Tom Green",2016,"Black",0
"Tom Green",2016,"Other",0
"Tom Green",2016,"White",NA
"Travis",2016,"Hispanic",30
"Travis",2016,"Black",13
"Travis",2016,"Other",NA
"Travis",2016,"White",15
"Trinity",2016,"Hispanic",0
"Trinity",2016,"Black",NA
"Trinity",2016,"Other",0
"Trinity",2016,"White",0
"Tyler",2016,"Hispanic",0
"Tyler",2016,"Black",0
"Tyler",2016,"Other",0
"Tyler",2016,"White",NA
"Upshur",2016,"Hispanic",NA
"Upshur",2016,"Black",NA
"Upshur",2016,"Other",0
"Upshur",2016,"White",NA
"Uvalde",2016,"Hispanic",NA
"Uvalde",2016,"Black",0
"Uvalde",2016,"Other",NA
"Uvalde",2016,"White",0
"Val Verde",2016,"Hispanic",NA
"Val Verde",2016,"Black",NA
"Val Verde",2016,"Other",0
"Val Verde",2016,"White",0
"Van Zandt",2016,"Hispanic",0
"Van Zandt",2016,"Black",0
"Van Zandt",2016,"Other",0
"Van Zandt",2016,"White",NA
"Victoria",2016,"Hispanic",NA
"Victoria",2016,"Black",0
"Victoria",2016,"Other",0
"Victoria",2016,"White",0
"Walker",2016,"Hispanic",0
"Walker",2016,"Black",NA
"Walker",2016,"Other",0
"Walker",2016,"White",NA
"Waller",2016,"Hispanic",NA
"Waller",2016,"Black",0
"Waller",2016,"Other",NA
"Waller",2016,"White",NA
"Ward",2016,"Hispanic",NA
"Ward",2016,"Black",0
"Ward",2016,"Other",0
"Ward",2016,"White",0
"Washington",2016,"Hispanic",0
"Washington",2016,"Black",NA
"Washington",2016,"Other",0
"Washington",2016,"White",NA
"Webb",2016,"Hispanic",20
"Webb",2016,"Black",0
"Webb",2016,"Other",0
"Webb",2016,"White",0
"Wharton",2016,"Hispanic",NA
"Wharton",2016,"Black",NA
"Wharton",2016,"Other",0
"Wharton",2016,"White",NA
"Wheeler",2016,"Hispanic",0
"Wheeler",2016,"Black",NA
"Wheeler",2016,"Other",0
"Wheeler",2016,"White",NA
"Wichita",2016,"Hispanic",0
"Wichita",2016,"Black",NA
"Wichita",2016,"Other",0
"Wichita",2016,"White",NA
"Wilbarger",2016,"Hispanic",0
"Wilbarger",2016,"Black",0
"Wilbarger",2016,"Other",0
"Wilbarger",2016,"White",NA
"Williamson",2016,"Hispanic",NA
"Williamson",2016,"Black",NA
"Williamson",2016,"Other",NA
"Williamson",2016,"White",20
"Wilson",2016,"Hispanic",0
"Wilson",2016,"Black",0
"Wilson",2016,"Other",0
"Wilson",2016,"White",NA
"Wise",2016,"Hispanic",NA
"Wise",2016,"Black",0
"Wise",2016,"Other",0
"Wise",2016,"White",NA
"Wood",2016,"Hispanic",0
"Wood",2016,"Black",NA
"Wood",2016,"Other",0
"Wood",2016,"White",NA
"Yoakum",2016,"Hispanic",NA
"Yoakum",2016,"Black",0
"Yoakum",2016,"Other",0
"Yoakum",2016,"White",NA
"Young",2016,"Hispanic",0
"Young",2016,"Black",0
"Young",2016,"Other",0
"Young",2016,"White",NA
"Zapata",2016,"Hispanic",NA
"Zapata",2016,"Black",0
"Zapata",2016,"Other",0
"Zapata",2016,"White",0
"Zavala",2016,"Hispanic",NA
"Zavala",2016,"Black",0
"Zavala",2016,"Other",0
"Zavala",2016,"White",0
"Andrews",2015,"Hispanic",0
"Andrews",2015,"Black",0
"Andrews",2015,"Other",0
"Andrews",2015,"White",NA
"Angelina",2015,"Hispanic",NA
"Angelina",2015,"Black",0
"Angelina",2015,"Other",0
"Angelina",2015,"White",NA
"Aransas",2015,"Hispanic",0
"Aransas",2015,"Black",0
"Aransas",2015,"Other",0
"Aransas",2015,"White",NA
"Archer",2015,"Hispanic",NA
"Archer",2015,"Black",0
"Archer",2015,"Other",0
"Archer",2015,"White",NA
"Armstrong",2015,"Hispanic",0
"Armstrong",2015,"Black",0
"Armstrong",2015,"Other",0
"Armstrong",2015,"White",NA
"Atascosa",2015,"Hispanic",NA
"Atascosa",2015,"Black",0
"Atascosa",2015,"Other",0
"Atascosa",2015,"White",NA
"Bailey",2015,"Hispanic",0
"Bailey",2015,"Black",0
"Bailey",2015,"Other",0
"Bailey",2015,"White",NA
"Bandera",2015,"Hispanic",0
"Bandera",2015,"Black",0
"Bandera",2015,"Other",0
"Bandera",2015,"White",NA
"Bastrop",2015,"Hispanic",NA
"Bastrop",2015,"Black",0
"Bastrop",2015,"Other",0
"Bastrop",2015,"White",0
"Bee",2015,"Hispanic",NA
"Bee",2015,"Black",0
"Bee",2015,"Other",0
"Bee",2015,"White",NA
"Bell",2015,"Hispanic",NA
"Bell",2015,"Black",15
"Bell",2015,"Other",NA
"Bell",2015,"White",18
"Bexar",2015,"Hispanic",117
"Bexar",2015,"Black",22
"Bexar",2015,"Other",NA
"Bexar",2015,"White",35
"Bosque",2015,"Hispanic",NA
"Bosque",2015,"Black",0
"Bosque",2015,"Other",0
"Bosque",2015,"White",NA
"Bowie",2015,"Hispanic",NA
"Bowie",2015,"Black",11
"Bowie",2015,"Other",0
"Bowie",2015,"White",NA
"Brazoria",2015,"Hispanic",NA
"Brazoria",2015,"Black",NA
"Brazoria",2015,"Other",0
"Brazoria",2015,"White",10
"Brazos",2015,"Hispanic",NA
"Brazos",2015,"Black",NA
"Brazos",2015,"Other",0
"Brazos",2015,"White",NA
"Brown",2015,"Hispanic",0
"Brown",2015,"Black",NA
"Brown",2015,"Other",0
"Brown",2015,"White",NA
"Burleson",2015,"Hispanic",0
"Burleson",2015,"Black",NA
"Burleson",2015,"Other",0
"Burleson",2015,"White",NA
"Caldwell",2015,"Hispanic",0
"Caldwell",2015,"Black",0
"Caldwell",2015,"Other",0
"Caldwell",2015,"White",NA
"Calhoun",2015,"Hispanic",0
"Calhoun",2015,"Black",0
"Calhoun",2015,"Other",NA
"Calhoun",2015,"White",NA
"Cameron",2015,"Hispanic",36
"Cameron",2015,"Black",0
"Cameron",2015,"Other",0
"Cameron",2015,"White",0
"Camp",2015,"Hispanic",0
"Camp",2015,"Black",NA
"Camp",2015,"Other",0
"Camp",2015,"White",0
"Carson",2015,"Hispanic",0
"Carson",2015,"Black",0
"Carson",2015,"Other",0
"Carson",2015,"White",NA
"Cass",2015,"Hispanic",0
"Cass",2015,"Black",NA
"Cass",2015,"Other",0
"Cass",2015,"White",NA
"Chambers",2015,"Hispanic",NA
"Chambers",2015,"Black",0
"Chambers",2015,"Other",0
"Chambers",2015,"White",NA
"Cherokee",2015,"Hispanic",NA
"Cherokee",2015,"Black",0
"Cherokee",2015,"Other",0
"Cherokee",2015,"White",NA
"Childress",2015,"Hispanic",0
"Childress",2015,"Black",0
"Childress",2015,"Other",0
"Childress",2015,"White",NA
"Collin",2015,"Hispanic",NA
"Collin",2015,"Black",NA
"Collin",2015,"Other",NA
"Collin",2015,"White",24
"Colorado",2015,"Hispanic",0
"Colorado",2015,"Black",NA
"Colorado",2015,"Other",0
"Colorado",2015,"White",NA
"Comal",2015,"Hispanic",NA
"Comal",2015,"Black",NA
"Comal",2015,"Other",0
"Comal",2015,"White",10
"Comanche",2015,"Hispanic",NA
"Comanche",2015,"Black",0
"Comanche",2015,"Other",0
"Comanche",2015,"White",0
"Cooke",2015,"Hispanic",0
"Cooke",2015,"Black",0
"Cooke",2015,"Other",0
"Cooke",2015,"White",NA
"Coryell",2015,"Hispanic",0
"Coryell",2015,"Black",NA
"Coryell",2015,"Other",NA
"Coryell",2015,"White",NA
"Crane",2015,"Hispanic",0
"Crane",2015,"Black",0
"Crane",2015,"Other",0
"Crane",2015,"White",NA
"Dallam",2015,"Hispanic",0
"Dallam",2015,"Black",0
"Dallam",2015,"Other",0
"Dallam",2015,"White",NA
"Dallas",2015,"Hispanic",118
"Dallas",2015,"Black",118
"Dallas",2015,"Other",10
"Dallas",2015,"White",27
"Deaf Smith",2015,"Hispanic",NA
"Deaf Smith",2015,"Black",0
"Deaf Smith",2015,"Other",0
"Deaf Smith",2015,"White",0
"Delta",2015,"Hispanic",0
"Delta",2015,"Black",0
"Delta",2015,"Other",0
"Delta",2015,"White",NA
"Denton",2015,"Hispanic",NA
"Denton",2015,"Black",NA
"Denton",2015,"Other",0
"Denton",2015,"White",21
"Dewitt",2015,"Hispanic",NA
"Dewitt",2015,"Black",NA
"Dewitt",2015,"Other",0
"Dewitt",2015,"White",0
"Dimmit",2015,"Hispanic",NA
"Dimmit",2015,"Black",0
"Dimmit",2015,"Other",0
"Dimmit",2015,"White",0
"Donley",2015,"Hispanic",NA
"Donley",2015,"Black",0
"Donley",2015,"Other",0
"Donley",2015,"White",0
"Duval",2015,"Hispanic",NA
"Duval",2015,"Black",0
"Duval",2015,"Other",0
"Duval",2015,"White",0
"Eastland",2015,"Hispanic",0
"Eastland",2015,"Black",NA
"Eastland",2015,"Other",0
"Eastland",2015,"White",NA
"Ector",2015,"Hispanic",11
"Ector",2015,"Black",0
"Ector",2015,"Other",0
"Ector",2015,"White",NA
"Edwards",2015,"Hispanic",NA
"Edwards",2015,"Black",0
"Edwards",2015,"Other",0
"Edwards",2015,"White",0
"El Paso",2015,"Hispanic",47
"El Paso",2015,"Black",NA
"El Paso",2015,"Other",NA
"El Paso",2015,"White",NA
"Ellis",2015,"Hispanic",NA
"Ellis",2015,"Black",NA
"Ellis",2015,"Other",0
"Ellis",2015,"White",NA
"Erath",2015,"Hispanic",NA
"Erath",2015,"Black",0
"Erath",2015,"Other",0
"Erath",2015,"White",NA
"Falls",2015,"Hispanic",0
"Falls",2015,"Black",NA
"Falls",2015,"Other",0
"Falls",2015,"White",0
"Fayette",2015,"Hispanic",0
"Fayette",2015,"Black",NA
"Fayette",2015,"Other",0
"Fayette",2015,"White",0
"Fort Bend",2015,"Hispanic",12
"Fort Bend",2015,"Black",14
"Fort Bend",2015,"Other",NA
"Fort Bend",2015,"White",15
"Frio",2015,"Hispanic",NA
"Frio",2015,"Black",0
"Frio",2015,"Other",0
"Frio",2015,"White",0
"Gaines",2015,"Hispanic",0
"Gaines",2015,"Black",0
"Gaines",2015,"Other",0
"Gaines",2015,"White",NA
"Galveston",2015,"Hispanic",NA
"Galveston",2015,"Black",NA
"Galveston",2015,"Other",0
"Galveston",2015,"White",13
"Garza",2015,"Hispanic",NA
"Garza",2015,"Black",0
"Garza",2015,"Other",0
"Garza",2015,"White",0
"Gonzales",2015,"Hispanic",NA
"Gonzales",2015,"Black",0
"Gonzales",2015,"Other",0
"Gonzales",2015,"White",NA
"Grayson",2015,"Hispanic",0
"Grayson",2015,"Black",NA
"Grayson",2015,"Other",0
"Grayson",2015,"White",NA
"Gregg",2015,"Hispanic",NA
"Gregg",2015,"Black",NA
"Gregg",2015,"Other",0
"Gregg",2015,"White",NA
"Grimes",2015,"Hispanic",0
"Grimes",2015,"Black",0
"Grimes",2015,"Other",0
"Grimes",2015,"White",NA
"Guadalupe",2015,"Hispanic",NA
"Guadalupe",2015,"Black",NA
"Guadalupe",2015,"Other",0
"Guadalupe",2015,"White",NA
"Hale",2015,"Hispanic",NA
"Hale",2015,"Black",NA
"Hale",2015,"Other",0
"Hale",2015,"White",NA
"Hamilton",2015,"Hispanic",0
"Hamilton",2015,"Black",0
"Hamilton",2015,"Other",0
"Hamilton",2015,"White",NA
"Hardin",2015,"Hispanic",0
"Hardin",2015,"Black",0
"Hardin",2015,"Other",0
"Hardin",2015,"White",NA
"Harris",2015,"Hispanic",173
"Harris",2015,"Black",139
"Harris",2015,"Other",29
"Harris",2015,"White",82
"Harrison",2015,"Hispanic",0
"Harrison",2015,"Black",NA
"Harrison",2015,"Other",0
"Harrison",2015,"White",NA
"Hays",2015,"Hispanic",NA
"Hays",2015,"Black",0
"Hays",2015,"Other",0
"Hays",2015,"White",NA
"Hemphill",2015,"Hispanic",0
"Hemphill",2015,"Black",0
"Hemphill",2015,"Other",0
"Hemphill",2015,"White",NA
"Henderson",2015,"Hispanic",NA
"Henderson",2015,"Black",NA
"Henderson",2015,"Other",NA
"Henderson",2015,"White",NA
"Hidalgo",2015,"Hispanic",72
"Hidalgo",2015,"Black",0
"Hidalgo",2015,"Other",NA
"Hidalgo",2015,"White",NA
"Hill",2015,"Hispanic",0
"Hill",2015,"Black",0
"Hill",2015,"Other",NA
"Hill",2015,"White",NA
"Hockley",2015,"Hispanic",NA
"Hockley",2015,"Black",0
"Hockley",2015,"Other",0
"Hockley",2015,"White",0
"Hood",2015,"Hispanic",NA
"Hood",2015,"Black",0
"Hood",2015,"Other",NA
"Hood",2015,"White",NA
"Hopkins",2015,"Hispanic",0
"Hopkins",2015,"Black",NA
"Hopkins",2015,"Other",0
"Hopkins",2015,"White",0
"Howard",2015,"Hispanic",NA
"Howard",2015,"Black",0
"Howard",2015,"Other",0
"Howard",2015,"White",0
"Hunt",2015,"Hispanic",NA
"Hunt",2015,"Black",NA
"Hunt",2015,"Other",0
"Hunt",2015,"White",NA
"Jasper",2015,"Hispanic",0
"Jasper",2015,"Black",NA
"Jasper",2015,"Other",0
"Jasper",2015,"White",0
"Jefferson",2015,"Hispanic",NA
"Jefferson",2015,"Black",13
"Jefferson",2015,"Other",0
"Jefferson",2015,"White",NA
"Jim Wells",2015,"Hispanic",NA
"Jim Wells",2015,"Black",0
"Jim Wells",2015,"Other",0
"Jim Wells",2015,"White",0
"Johnson",2015,"Hispanic",NA
"Johnson",2015,"Black",NA
"Johnson",2015,"Other",0
"Johnson",2015,"White",NA
"Jones",2015,"Hispanic",NA
"Jones",2015,"Black",0
"Jones",2015,"Other",0
"Jones",2015,"White",NA
"Kaufman",2015,"Hispanic",NA
"Kaufman",2015,"Black",NA
"Kaufman",2015,"Other",NA
"Kaufman",2015,"White",NA
"Kendall",2015,"Hispanic",NA
"Kendall",2015,"Black",0
"Kendall",2015,"Other",0
"Kendall",2015,"White",NA
"Kerr",2015,"Hispanic",NA
"Kerr",2015,"Black",0
"Kerr",2015,"Other",0
"Kerr",2015,"White",NA
"Kleberg",2015,"Hispanic",NA
"Kleberg",2015,"Black",0
"Kleberg",2015,"Other",0
"Kleberg",2015,"White",NA
"Lamar",2015,"Hispanic",0
"Lamar",2015,"Black",NA
"Lamar",2015,"Other",0
"Lamar",2015,"White",NA
"Lampasas",2015,"Hispanic",0
"Lampasas",2015,"Black",0
"Lampasas",2015,"Other",0
"Lampasas",2015,"White",NA
"Lavaca",2015,"Hispanic",NA
"Lavaca",2015,"Black",0
"Lavaca",2015,"Other",0
"Lavaca",2015,"White",0
"Lee",2015,"Hispanic",NA
"Lee",2015,"Black",0
"Lee",2015,"Other",0
"Lee",2015,"White",NA
"Leon",2015,"Hispanic",0
"Leon",2015,"Black",0
"Leon",2015,"Other",0
"Leon",2015,"White",NA
"Liberty",2015,"Hispanic",NA
"Liberty",2015,"Black",0
"Liberty",2015,"Other",0
"Liberty",2015,"White",NA
"Limestone",2015,"Hispanic",0
"Limestone",2015,"Black",0
"Limestone",2015,"Other",0
"Limestone",2015,"White",NA
"Lubbock",2015,"Hispanic",NA
"Lubbock",2015,"Black",NA
"Lubbock",2015,"Other",0
"Lubbock",2015,"White",NA
"Madison",2015,"Hispanic",0
"Madison",2015,"Black",0
"Madison",2015,"Other",0
"Madison",2015,"White",NA
"Martin",2015,"Hispanic",NA
"Martin",2015,"Black",0
"Martin",2015,"Other",0
"Martin",2015,"White",0
"Matagorda",2015,"Hispanic",NA
"Matagorda",2015,"Black",0
"Matagorda",2015,"Other",0
"Matagorda",2015,"White",0
"Maverick",2015,"Hispanic",NA
"Maverick",2015,"Black",0
"Maverick",2015,"Other",0
"Maverick",2015,"White",0
"Mcculloch",2015,"Hispanic",NA
"Mcculloch",2015,"Black",0
"Mcculloch",2015,"Other",0
"Mcculloch",2015,"White",0
"Mclennan",2015,"Hispanic",NA
"Mclennan",2015,"Black",NA
"Mclennan",2015,"Other",NA
"Mclennan",2015,"White",13
"Medina",2015,"Hispanic",NA
"Medina",2015,"Black",0
"Medina",2015,"Other",0
"Medina",2015,"White",0
"Midland",2015,"Hispanic",11
"Midland",2015,"Black",NA
"Midland",2015,"Other",0
"Midland",2015,"White",NA
"Milam",2015,"Hispanic",NA
"Milam",2015,"Black",NA
"Milam",2015,"Other",0
"Milam",2015,"White",NA
"Mitchell",2015,"Hispanic",0
"Mitchell",2015,"Black",0
"Mitchell",2015,"Other",0
"Mitchell",2015,"White",NA
"Montague",2015,"Hispanic",NA
"Montague",2015,"Black",0
"Montague",2015,"Other",0
"Montague",2015,"White",NA
"Montgomery",2015,"Hispanic",NA
"Montgomery",2015,"Black",NA
"Montgomery",2015,"Other",NA
"Montgomery",2015,"White",19
"Moore",2015,"Hispanic",NA
"Moore",2015,"Black",0
"Moore",2015,"Other",NA
"Moore",2015,"White",0
"Morris",2015,"Hispanic",0
"Morris",2015,"Black",0
"Morris",2015,"Other",0
"Morris",2015,"White",NA
"Nacogdoches",2015,"Hispanic",NA
"Nacogdoches",2015,"Black",0
"Nacogdoches",2015,"Other",0
"Nacogdoches",2015,"White",NA
"Navarro",2015,"Hispanic",NA
"Navarro",2015,"Black",NA
"Navarro",2015,"Other",NA
"Navarro",2015,"White",NA
"Newton",2015,"Hispanic",0
"Newton",2015,"Black",0
"Newton",2015,"Other",0
"Newton",2015,"White",NA
"Nueces",2015,"Hispanic",23
"Nueces",2015,"Black",NA
"Nueces",2015,"Other",NA
"Nueces",2015,"White",NA
"Orange",2015,"Hispanic",0
"Orange",2015,"Black",NA
"Orange",2015,"Other",0
"Orange",2015,"White",NA
"Palo Pinto",2015,"Hispanic",NA
"Palo Pinto",2015,"Black",0
"Palo Pinto",2015,"Other",0
"Palo Pinto",2015,"White",0
"Panola",2015,"Hispanic",0
"Panola",2015,"Black",NA
"Panola",2015,"Other",0
"Panola",2015,"White",NA
"Parker",2015,"Hispanic",0
"Parker",2015,"Black",0
"Parker",2015,"Other",NA
"Parker",2015,"White",NA
"Parmer",2015,"Hispanic",NA
"Parmer",2015,"Black",0
"Parmer",2015,"Other",0
"Parmer",2015,"White",0
"Pecos",2015,"Hispanic",NA
"Pecos",2015,"Black",0
"Pecos",2015,"Other",0
"Pecos",2015,"White",0
"Polk",2015,"Hispanic",0
"Polk",2015,"Black",0
"Polk",2015,"Other",0
"Polk",2015,"White",NA
"Potter",2015,"Hispanic",NA
"Potter",2015,"Black",NA
"Potter",2015,"Other",0
"Potter",2015,"White",NA
"Rains",2015,"Hispanic",0
"Rains",2015,"Black",0
"Rains",2015,"Other",0
"Rains",2015,"White",NA
"Randall",2015,"Hispanic",NA
"Randall",2015,"Black",0
"Randall",2015,"Other",0
"Randall",2015,"White",NA
"Reagan",2015,"Hispanic",NA
"Reagan",2015,"Black",0
"Reagan",2015,"Other",0
"Reagan",2015,"White",0
"Red River",2015,"Hispanic",NA
"Red River",2015,"Black",0
"Red River",2015,"Other",0
"Red River",2015,"White",NA
"Reeves",2015,"Hispanic",NA
"Reeves",2015,"Black",0
"Reeves",2015,"Other",0
"Reeves",2015,"White",0
"Robertson",2015,"Hispanic",0
"Robertson",2015,"Black",0
"Robertson",2015,"Other",0
"Robertson",2015,"White",NA
"Rockwall",2015,"Hispanic",0
"Rockwall",2015,"Black",0
"Rockwall",2015,"Other",0
"Rockwall",2015,"White",NA
"Runnels",2015,"Hispanic",0
"Runnels",2015,"Black",0
"Runnels",2015,"Other",0
"Runnels",2015,"White",NA
"Rusk",2015,"Hispanic",0
"Rusk",2015,"Black",NA
"Rusk",2015,"Other",0
"Rusk",2015,"White",NA
"Sabine",2015,"Hispanic",0
"Sabine",2015,"Black",0
"Sabine",2015,"Other",0
"Sabine",2015,"White",NA
"San Jacinto",2015,"Hispanic",0
"San Jacinto",2015,"Black",0
"San Jacinto",2015,"Other",0
"San Jacinto",2015,"White",NA
"San Patricio",2015,"Hispanic",NA
"San Patricio",2015,"Black",0
"San Patricio",2015,"Other",0
"San Patricio",2015,"White",NA
"Scurry",2015,"Hispanic",NA
"Scurry",2015,"Black",0
"Scurry",2015,"Other",0
"Scurry",2015,"White",0
"Shelby",2015,"Hispanic",0
"Shelby",2015,"Black",NA
"Shelby",2015,"Other",0
"Shelby",2015,"White",NA
"Smith",2015,"Hispanic",NA
"Smith",2015,"Black",NA
"Smith",2015,"Other",0
"Smith",2015,"White",15
"Somervell",2015,"Hispanic",0
"Somervell",2015,"Black",0
"Somervell",2015,"Other",0
"Somervell",2015,"White",NA
"Starr",2015,"Hispanic",NA
"Starr",2015,"Black",0
"Starr",2015,"Other",0
"Starr",2015,"White",0
"Stephens",2015,"Hispanic",NA
"Stephens",2015,"Black",0
"Stephens",2015,"Other",0
"Stephens",2015,"White",NA
"Swisher",2015,"Hispanic",NA
"Swisher",2015,"Black",0
"Swisher",2015,"Other",0
"Swisher",2015,"White",0
"Tarrant",2015,"Hispanic",67
"Tarrant",2015,"Black",47
"Tarrant",2015,"Other",13
"Tarrant",2015,"White",48
"Taylor",2015,"Hispanic",NA
"Taylor",2015,"Black",NA
"Taylor",2015,"Other",NA
"Taylor",2015,"White",NA
"Titus",2015,"Hispanic",NA
"Titus",2015,"Black",NA
"Titus",2015,"Other",0
"Titus",2015,"White",0
"Tom Green",2015,"Hispanic",NA
"Tom Green",2015,"Black",0
"Tom Green",2015,"Other",0
"Tom Green",2015,"White",NA
"Travis",2015,"Hispanic",21
"Travis",2015,"Black",16
"Travis",2015,"Other",NA
"Travis",2015,"White",24
"Tyler",2015,"Hispanic",0
"Tyler",2015,"Black",0
"Tyler",2015,"Other",0
"Tyler",2015,"White",NA
"Upshur",2015,"Hispanic",NA
"Upshur",2015,"Black",0
"Upshur",2015,"Other",0
"Upshur",2015,"White",NA
"Upton",2015,"Hispanic",NA
"Upton",2015,"Black",0
"Upton",2015,"Other",0
"Upton",2015,"White",0
"Uvalde",2015,"Hispanic",NA
"Uvalde",2015,"Black",0
"Uvalde",2015,"Other",0
"Uvalde",2015,"White",0
"Val Verde",2015,"Hispanic",NA
"Val Verde",2015,"Black",0
"Val Verde",2015,"Other",0
"Val Verde",2015,"White",0
"Van Zandt",2015,"Hispanic",NA
"Van Zandt",2015,"Black",0
"Van Zandt",2015,"Other",0
"Van Zandt",2015,"White",NA
"Victoria",2015,"Hispanic",NA
"Victoria",2015,"Black",0
"Victoria",2015,"Other",0
"Victoria",2015,"White",NA
"Walker",2015,"Hispanic",NA
"Walker",2015,"Black",0
"Walker",2015,"Other",0
"Walker",2015,"White",NA
"Waller",2015,"Hispanic",NA
"Waller",2015,"Black",NA
"Waller",2015,"Other",0
"Waller",2015,"White",NA
"Ward",2015,"Hispanic",0
"Ward",2015,"Black",0
"Ward",2015,"Other",0
"Ward",2015,"White",NA
"Webb",2015,"Hispanic",25
"Webb",2015,"Black",0
"Webb",2015,"Other",0
"Webb",2015,"White",0
"Wharton",2015,"Hispanic",NA
"Wharton",2015,"Black",NA
"Wharton",2015,"Other",0
"Wharton",2015,"White",0
"Wheeler",2015,"Hispanic",NA
"Wheeler",2015,"Black",0
"Wheeler",2015,"Other",0
"Wheeler",2015,"White",0
"Wichita",2015,"Hispanic",NA
"Wichita",2015,"Black",NA
"Wichita",2015,"Other",0
"Wichita",2015,"White",NA
"Wilbarger",2015,"Hispanic",NA
"Wilbarger",2015,"Black",0
"Wilbarger",2015,"Other",0
"Wilbarger",2015,"White",0
"Willacy",2015,"Hispanic",NA
"Willacy",2015,"Black",0
"Willacy",2015,"Other",0
"Willacy",2015,"White",0
"Williamson",2015,"Hispanic",NA
"Williamson",2015,"Black",NA
"Williamson",2015,"Other",NA
"Williamson",2015,"White",17
"Wilson",2015,"Hispanic",NA
"Wilson",2015,"Black",0
"Wilson",2015,"Other",0
"Wilson",2015,"White",NA
"Wise",2015,"Hispanic",NA
"Wise",2015,"Black",0
"Wise",2015,"Other",0
"Wise",2015,"White",NA
"Wood",2015,"Hispanic",NA
"Wood",2015,"Black",0
"Wood",2015,"Other",0
"Wood",2015,"White",NA
"Young",2015,"Hispanic",0
"Young",2015,"Black",0
"Young",2015,"Other",0
"Young",2015,"White",NA
